id,title,authors,genres_primary,age_rating,pages,price_vnd,year,introduction,short_summary,publisher,rating_avg,stocks
FI001,Nhà giả kim,Paulo Coelho,Fiction,13,228,99000,1988,"Tất cả những trải nghiệm trong chuyến phiêu du theo đuổi vận mệnh của mình đã giúp Santiago thấu hiểu được ý nghĩa sâu xa nhất của hạnh phúc, hòa hợp với vũ trụ và con người.

Tiểu thuyết Nhà giả kim của Paulo Coelho như một câu chuyện cổ tích giản dị, nhân ái, giàu chất thơ, thấm đẫm những minh triết huyền bí của phương Đông. Trong lần xuất bản đầu tiên tại Brazil vào năm 1988, sách chỉ bán được 900 bản. Nhưng, với số phận đặc biệt của cuốn sách dành cho toàn nhân loại, vượt ra ngoài biên giới quốc gia, Nhà giả kim đã làm rung động hàng triệu tâm hồn, trở thành một trong những cuốn sách bán chạy nhất mọi thời đại, và có thể làm thay đổi cuộc đời người đọc.

“Nhưng nhà luyện kim đan không quan tâm mấy đến những điều ấy. Ông đã từng thấy nhiều người đến rồi đi, trong khi ốc đảo và sa mạc vẫn là ốc đảo và sa mạc. Ông đã thấy vua chúa và kẻ ăn xin đi qua biển cát này, cái biển cát thường xuyên thay hình đổi dạng vì gió thổi nhưng vẫn mãi mãi là biển cát mà ông đã biết từ thuở nhỏ. Tuy vậy, tự đáy lòng mình, ông không thể không cảm thấy vui trước hạnh phúc của mỗi người lữ khách, sau bao ngày chỉ có cát vàng với trời xanh nay được thấy chà là xanh tươi hiện ra trước mắt. ‘Có thể Thượng đế tạo ra sa mạc chỉ để cho con người biết quý trọng cây chà là,’ ông nghĩ.”",Hành trình tìm kho báu và khám phá bản thân qua những bài học sống giản dị.,NXB Văn Học,3.92,784
SF001,Đắc nhân tâm,Dale Carnegie,Self-help,16,319,120000,1936,"Đắc nhân tâm của Dale Carnegie là quyển sách duy nhất về thể loại self-help liên tục đứng đầu danh mục sách bán chạy nhất (best-selling Books) do báo The New York Times bình chọn suốt 10 năm liền. Được xuất bản năm 1936, với số lượng bán ra hơn 15 triệu bản, tính đến nay, sách đã được dịch ra ở hầu hết các ngôn ngữ, trong đó có cả Việt Nam, và đã nhận được sự đón tiếp nhiệt tình của đọc giả ở hầu hết các quốc gia.

Là quyển sách đầu tiên có ảnh hưởng làm thay đổi cuộc đời của hàng triệu người trên thế giới, Đắc Nhân Tâm là cuốn sách đem lại những giá trị tuyệt vời cho người đọc, bao gồm những lời khuyên cực kì bổ ích về cách ứng xử trong cuộc sống hàng ngày. Sức lan toả của quyển sách vô cùng rộng lớn – với nhiều tầng lớp, đối tượng.

Đắc Nhân Tâm không chỉ là là nghệ thuật thu phục lòng người, Đắc Nhân Tâm còn đem lại cho độc giả góc nhìn, suy nghĩ sâu sắc về việc giao tiếp ứng xử.

Triết lý của Đắc Nhân Tâm là hiểu mình, thành thật với chính mình, từ đó hiểu biết và quan tâm đến những người xung quanh để nhìn ra và khơi gợi những tiềm năng ẩn khuất nơi họ, giúp họ phát triển lên một tầm cao mới. Đây chính là nghệ thuật cao nhất về con người và chính là ý nghĩa sâu sắc nhất đúc kết từ những nguyên tắc vàng của Dale Carnegie.","Nghệ thuật giao tiếp và ảnh hưởng, giúp xây dựng mối quan hệ bền vững và thành công.",NXB Trẻ,4.22,320
FA001,Harry Potter và Hòn đá Phù thuỷ,J.K. Rowling,Fantasy,13,344,165000,1997,"Khi một lá thư được gởi đến cho cậu bé Harry Potter bình thường và bất hạnh, cậu khám phá ra một bí mật đã được che giấu suốt cả một thập kỉ. Cha mẹ cậu chính là phù thủy và cả hai đã bị lời nguyền của Chúa tể Hắc ám giết hại khi Harry mới chỉ là một đứa trẻ, và bằng cách nào đó, cậu đã giữ được mạng sống của mình. Thoát khỏi những người giám hộ Muggle không thể chịu đựng nổi để nhập học vào trường Hogwarts, một trường đào tạo phù thủy với những bóng ma và phép thuật, Harry tình cờ dấn thân vào một cuộc phiêu lưu đầy gai góc khi cậu phát hiện ra một con chó ba đầu đang canh giữ một căn phòng trên tầng ba. Rồi Harry nghe nói đến một viên đá bị mất tích sở hữu những sức mạnh lạ kì, rất quý giá, vô cùng nguy hiểm, mà cũng có thể là mang cả hai đặc điểm trên.",Cậu bé phù thủy khám phá thế giới phép thuật và bắt đầu cuộc phiêu lưu tại Hogwarts.,NXB Trẻ,4.47,41
FN001,Cha giàu cha nghèo,Robert Kiyosaki,Finance,16,382,139000,1997,"Trong thời buổi kinh tế đang ngày càng bão hòa và khó khăn, thì việc tạo dựng sự nghiệp thành công cho bản thân mỗi người là điều không dễ dàng gì. Không phải là bạn cứ có kiến thức hay nhiều tiền là sẽ trở nên giàu có ngay lập tức, tất cả điều cần có bí quyết và một lộ trình đi đến thành công một cách đúng hướng.

Đó chính là một trong những thông điệp mà cuốn sách Cha giàu cha nghèo của tác giả Robert Kiyosaki muốn gửi gắm đến các độc giả của mình","Bài học về tư duy tài chính, đầu tư và khác biệt giữa tài sản và tiêu sản.",NXB Văn hóa,4.1,789
FI002,Cánh đồng bất tận,Nguyễn Ngọc Tư,Fiction,16,216,100000,2005,"Cánh đồng bất tận bao gồm những truyện hay và mới nhất của nhà văn Nguyễn Ngọc Tư. Đây là tác phẩm đang gây xôn xao trong đời sống văn học, bởi ở đó người ta tìm thấy sự dữ dội, khốc liệt của đời sống thôn dã qua cái nhìn của một cô gái. Bi kịch về nỗi mất mát, sự cô đơn được đẩy lên đến tận cùng, khiến người đọc có lúc cảm thấy nhói tim...","Những lát cắt đời sống miền Tây, cảm xúc sâu lắng về thân phận con người.",NXB Trẻ,4.3,50
NF001,Sapiens: Lược sử loài người,Yuval Noah Harari,Nonfiction,18,548,350000,2011,"Sapiens, đưa chúng ta vào một chuyến đi kinh ngạc qua toàn bộ lịch sử loài người, từ những gốc rễ tiến hóa của nó đến thời đại của chủ nghĩa tư bản và kỹ thuật di truyền, để khám phá tại sao chúng ta đang trong những điều kiện sinh sống hiện tại.

Sapiens tập trung vào các quá trình quan trọng đã định hình loài người và thế giới quanh nó, chẳng hạn như sự ra đời của sản xuất nông nghiệp, việc tạo ra tiền, sự lan truyền của những tôn giáo, và sự nổi lên của những nhà nước quốc gia. Không giống như những quyển sách khác cùng loại, Sapiens đã có một lối tiếp cận liên ngành học, bắc cầu qua những khoảng cách giữa lịch sử, sinh học, triết học và kinh tế theo một lối trước đây chưa từng có. Hơn nữa, lấy cả quan điểm vĩ mô và vi mô, Sapiens không chỉ đề cập đến những gì đã xảy ra và tại sao, mà còn đi sâu vào việc những cá nhân trong lịch sử đó đã cảm nhận nó như thế nào.

Câu hỏi lớn và sâu sắc của Harari là: chúng ta thực sự muốn gì? Có cách nào để đạt được hạnh phúc cho con người chúng ta, hoặc thậm chí liệu chúng ta có biết được nó là gì hay không? Trong cốt lõi của nó, Sapiens biện luận rằng chúng ta không biết về bản thân chúng ta, huống chi biết được những nhu cầu của những loài sinh vật khác. Chúng ta đã quá thường xuyên bị những tưởng tượng hư cấu của chúng ta lừa dối. Lịch sử cũng là một hư cấu, nhưng một hư cấu đã được kiềm chế bởi thực tại và biện luận: một hình thức của huyền thoại – một hư cấu hữu ích – khiến nó có thể mang lại sự giác ngộ của sự tự biết chính mình.

“Tôi khuyến khích tất cả chúng ta, dẫu có những tin tưởng tín ngưỡng nào, để đặt câu hỏi về những thuật kể cơ bản về thế giới chúng ta, để nối những phát triển ngày xưa với những quan tâm ngày nay, và để không sợ hãi những vấn đề tranh luận” (Yuval Noah Harari)",Lược sử về con người: từ săn bắn hái lượm tới xã hội hiện đại và tri thức.,NXB Tri thức,4.34,84
NF002,Khi hơi thở hóa thinh không,Paul Kalanithi,Nonfiction,16,236,109000,2016,"Khi Hơi Thở Hóa Thinh Không là tự truyện của một bác sĩ bị mắc bệnh ung thư phổi. Trong cuốn sách này, tác giả đã chia sẻ những trải nghiệm từ khi mới bắt đầu học ngành y, tiếp xúc với bệnh nhân cho tới khi phát hiện ra mình bị ung thư và phải điều trị lâu dài.

Kalanithi rất yêu thích văn chương nên câu chuyện của anh đã được thuật lại theo một phong cách mượt mà, dung dị và đầy cảm xúc. Độc giả cũng được hiểu thêm về triết lý sống, triết lý nghề y của Kalanithi, thông qua ký ức về những ngày anh còn là sinh viên, rồi thực tập, cho đến khi chính thức hành nghề phẫu thuật thần kinh. “Đối với bệnh nhân và gia đình, phẫu thuật não là sự kiện bi thảm nhất mà họ từng phải đối mặt và nó có tác động như bất kỳ một biến cố lớn lao trong đời. Trong những thời điểm nguy cấp đó, câu hỏi không chỉ đơn thuần là sống hay chết mà còn là cuộc sống nào đáng sống.” – Kalanithi luôn biết cách đưa vào câu chuyện những suy nghĩ sâu sắc và đầy sự đồng cảm như thế.

Bạn bè và gia đình đã dành tặng những lời trìu mến nhất cho con người đáng kính trọng cả về tài năng lẫn nhân cách này. Dù không thể vượt qua cơn bệnh nan y, nhưng thông điệp của tác giả sẽ còn khiến người đọc nhớ mãi.",Bác sĩ viết về cái nhìn về cuộc đời và cái chết khi đối diện ung thư.,NXB Trẻ,4.41,980
SF002,7 Thói Quen Hiệu Quả,Stephen R. Covey,Self-help,16,480,299000,1989,"Tên đầy đủ của cuốn sách này, nếu dịch sát nghĩa sẽ là: “7 Thói quen của người có hiệu quả vượt trội”, còn nếu dịch một cách ngắn gọn nhưng vẫn sâu sắc sẽ là “7 Thói quen Hiệu quả”. Gần như Stephen Covey đã dành cả cuộc đời mình để nghiên cứu về tính hiệu quả của con người, để đi tìm câu trả lời cho ba câu hỏi lớn lao, đó là: “Vì sao con người ta trở nên ít hiệu quả?”, “Điều gì làm cho con người ta trở nên hiệu quả cao?” và “Điều gì tạo nên hiệu quả bền vững?”, và “7 Habits” chính là sự đúc kết sự nghiệp nghiên cứu cả đời của ông cho ba câu hỏi mang tính “muôn đời” đó.

Mơ ước của hầu hết mọi người trong đời là trở thành một con người thành công và hạnh phúc bằng chính tài năng và đạo đức của mình. Ở bình diện tổ chức hay các quốc gia cũng vậy. Một tổ chức hay quốc gia càng có nhiều người hướng đến thành công bằng tài năng và đạo đức, tổ chức hay quốc gia đó càng có cơ hội phát triển thịnh vượng và văn minh. Tài năng và đạo đức đã trở thành những phẩm chất được tìm kiếm và tôn vinh hàng đầu trong mọi xã hội và mọi thời đại, và chúng có một mối liên quan chặt chẽ với với hiệu quả và hiệu quả bền vững. Cần có tài năng thì mới tạo ra được hiệu quả, cần có đạo đức thì mới tạo ra được hiệu quả bền vững. Và ngược lại, không ai có thể được xem là tài năng nếu không tạo ra hiệu quả, cũng như không ai có thể được coi là có đạo đức nếu như việc tạo ra hiệu quả đó chỉ là nhất thời chứ không mang tính bền vững, bởi lẽ, để tạo ra hiệu quả bền vững thì luôn phải dựa trên nền tảng đạo đức. Vì thế, câu trả lời về “hiệu quả” cũng chính là “lời đáp” cho câu chuyện về tài năng và đạo đức mà nhiều người tìm kiếm, mà lại là một “lời đáp” được đúc kết bằng việc chuyển hóa một hệ thống giá trị ở bên trong để hình thành bản tính thành công bền vững của con người, chứ hoàn toàn không phải là những chiêu trò hay thủ thuật ở bên ngoài.

Stephen Covey từng nói rằng, ông không phát minh hay tạo ra “7 Habits”, mà “7 Habits” được đưa ra dựa trên những giá trị phổ quát và những nguyên tắc trường tồn của nhân loại. Chính trong thái độ khiêm nhường đó, ta nhận ra tầm vóc của ông. Vì ông đã tạo ra một cầu nối giữa chúng ta với những tri thức tinh hoa của nhân loại về làm người, về giá trị sống, và nhất là về tính hiệu quả. Thường những tri thức này không phải là thứ dễ tiếp cận, dễ tiếp thu với đại chúng, nhưng bằng việc sắp xếp và tổng hợp chúng trong một hình hài có tính hệ thống và tính ứng dụng cao, ông đã góp phần đưa những tinh hoa tri thức đó đến với công chúng dễ dàng hơn. Và cũng bởi được xây dựng dựa trên những gì phổ quát và trường tồn nên “7 Habits” mới trở thành một nền văn hóa vượt không gian, vượt thời gian, dành cho tất cả mọi người, mọi tổ chức và mọi xứ sở. Bất kỳ ai cài đặt nền văn hóa “7 habits” này vào và sống hàng ngày với nền văn hóa đó, thì dù là một tổng thống, một doanh nhân, một quản lý hay một đầu bếp, một nhân viên… cũng sẽ trở nên hiệu quả hơn hẳn…",Khung làm việc để phát triển thói quen dẫn tới hiệu quả cá nhân và nghề nghiệp.,NXB Tổng Hợp,4.16,410
NF003,Đàn ông sao Hỏa đàn bà sao Kim,John Gray,Nonfiction,16,488,168000,1995,"Liệu sự điên cuồng của cuộc sống này có thể duy trì lâu dài trong một cuộc hôn nhân một vợ một chồng? Liệu đàn ông và phụ nữ có thể hiểu, chấp nhận và trân trọng những khác biệt của nhau khi ở trong phòng ngủ?

“Hoàn toàn có thể!”, John Gray khẳng định. Cuốn sách bán chạy Đàn Ông Sao Hỏa, Đàn Bà Sao Kim của ông đã chỉ cho hàng triệu người cách giao tiếp với người khác giới và cách nhạy bén hơn trước những nhu cầu cảm xúc khác nhau của mỗi bên. Trong cuốn sách đầy cuốn hút này, Tiến sĩ Gray trình bày cách tận dụng sự khéo léo trong quan hệ để giữ cho sự thân mật, đam mê và lãng mạn luôn bùng cháy.

Cuốn cẩm nang này hướng dẫn bạn cách truyền đạt nhu cầu của mình một cách hiệu quả nhưng vẫn đầy yêu thương, và cách khiến đời sống tình dục trở nên tự nhiên, tươi mới, đặc biệt và thỏa mãn cho cả hai.
John Gray chia sẻ những trải nghiệm và hiểu biết vô giá giúp bạn tạo ra những nghi thức lãng mạn của riêng mình, để mối quan hệ của bạn ngày càng gắn bó và nồng nàn suốt cả cuộc đời.",Hiểu khác biệt giới tính để cải thiện giao tiếp và mối quan hệ tình cảm.,NXB Trẻ,3.83,22
FI003,Cho tôi xin một vé đi tuổi thơ,Nguyễn Nhật Ánh,Fiction,13,207,90000,2008,"Truyện Cho tôi xin một vé đi tuổi thơ là sáng tác mới nhất của nhà văn Nguyễn Nhật Ánh. Nhà văn mời người đọc lên chuyến tàu quay ngược trở lại thăm tuổi thơ và tình bạn dễ thương của 4 bạn nhỏ. Những trò chơi dễ thương thời bé, tính cách thật thà, thẳng thắn một cách thông minh và dại dột, những ước mơ tự do trong lòng… khiến cuốn sách có thể làm các bậc phụ huynh lo lắng rồi thở phào. Không chỉ thích hợp với người đọc trẻ, cuốn sách còn có thể hấp dẫn và thực sự có ích cho người lớn trong quan hệ với con mình.","Một hành trình trở về thế giới trẻ thơ đầy hồn nhiên qua góc nhìn của bốn đứa trẻ “siêu quậy”: Mùi, Tí, Hải cò và cu Tủn. Cuốn sách tái hiện những ký ức tinh nghịch, trong sáng và đầy mơ mộng, đồng thời nhắc người lớn nhớ lại cách mình đã từng nhìn thế giới – bằng sự tò mò, vô tư và yêu đời. Đây là lời nhắn gửi nhẹ nhàng rằng đôi khi chúng ta cần một “tấm vé” để trở lại với tâm hồn trong trẻo ngày xưa.",NXB Trẻ,4.2,890
FI004,Dế Mèn Phiêu Lưu Ký,Tô Hoài,Fiction,10,300,80000,1955,"Tác phẩm miêu tả cuộc phiêu lưu của một chú Dế Mèn qua thế giới loài vật và loài người. Những vấn đề nóng hổi như là: cái thiện và cái ác, chiến tranh và hòa bình, lí tưởng và lẽ sống được thể hiện một cách nhẹ nhàng, tinh tế mà sâu sắc.

Cậy mình là chàng dế cường tráng, Mèn dương dương tự đắc, cho mình là tay ghê gớm. Trải qua hai bài học đắt giá là cái chết của của dế Choắt và bị bác Xiến Tóc cắt đứt mất hai sợi râu mượt óng mà Mèn mới tỉnh ngộ, hiểu ra thế nào là lòng nhân ái và cái giá phải trả cho sự ngông nghênh của mình. Từ đó Mèn quyết chí đi chu du thiên hạ, chí hướng của Mèn càng được củng cố sau khi chú làm được việc có ích đầu tiên trong đời đó là cứu giúp chị Nhà Trò yếu đuối thoát nạn lũ nhện hung ác. Không những thế chú còn được sự ủng hộ hết lòng của mẹ kính yêu và kết giao được với người bạn tri kỉ là Dế Trũi.

Từ đây cuộc đời Mèn rẽ lối sang một trang hoàn toàn mới mẻ, các em có muốn khám phá tiếp không nào? Mèn đã trải qua những cuộc phiêu lưu vào thế giới các loài vật, vượt qua cơ man nào là rủi ro và biến cố, nhưng từng bước Mèn vươn lên tự điều chỉnh, tự nhận thức để trở thành con người giàu lí tưởng và ham hiểu biết với bản lĩnh kiên cường của một trai tráng đầu đội trời chân đập đất.

Chúng ta sẽ được lạc vào thế giới loài vật gần gũi, thân thương với toàn những con vật gắn chặt với đời sống thôn quê dân dã như: bác Xiến Tóc, Võ sĩ bọ ngựa, Châu Chấu Voi, Ếch Cốm, Chuồn Chuồn…","Câu chuyện trưởng thành của Dế Mèn – một chàng dế trẻ bồng bột nhưng giàu nghĩa khí. Sau bài học cay đắng vì sự kiêu ngạo của mình, Dế Mèn bắt đầu chuyến phiêu lưu qua nhiều vùng đất, gặp gỡ đủ loại sinh vật và chứng kiến bao mảnh đời khác nhau. Hành trình ấy giúp cậu hiểu về trách nhiệm, tình bạn, lòng dũng cảm và tinh thần đoàn kết. Đây là một tác phẩm giàu tính nhân văn, đầy màu sắc và trí tưởng tượng.",NXB Kim Đồng,4.28,540
FN002,Bí mật tư duy triệu phú,T. Harv Eker,Finance,16,293,139000,2016,"""Ai cũng có một cuộc sống, ai cũng làm việc cần cù, ai cũng ước mơ được thành công, nhưng không mấy ai may mắn học được cách tư duy độc đáo và tầm nhìn của những tỷ phú lừng danh đã tiết lộ trong cuốn sách giá trị này...""

(Wall Street Journal)

Trong cuốn sách này T. Harv Eker sẽ tiết lộ những bí mật tại sao một số người lại đạt được những thành công vượt bậc, được số phận ban cho cuộc sống sung túc, giàu có, trong khi một số người khác phải chật vật, vất vả mới có một cuộc sống qua ngày. Bạn sẽ hiểu được nguồn gốc sự thật và những yếu tố quyết định thành công, thất bại để rồi áp dụng, thay đổi cách suy nghĩ, lên kế hoạch rồi tìm ra cách làm việc, đầu tư, sử dụng nguồn tài chính của bạn theo hướng hiệu quả nhất.",Thay đổi tư duy về tiền bạc để thay đổi vận mệnh tài chính cá nhân.,NXB Tổng Hợp,4.22,680
NF004,Thiết kế cuộc đời,Bill Burnett & Dave Evans,Nonfiction,16,300,139000,2016,"Bạn đang ""mắc kẹt"" trong một công việc không hạnh phúc? Bạn đau đầu vì chuyện tiền bạc? Bạn bế tắc vì cuộc sống gia đình? Cuộc sống này vốn nhiều thăng trầm, trắc trở. Ai cũng phải chật vật với vô số câu hỏi về cuộc đời, công việc, ý nghĩa và mục đích sống. Có những vấn đề kéo dài dai dẳng trong hàng năm trời, đôi khi khiến chúng ta cảm thấy như không thể tìm được lối

Trong ""Thiết kế một cuộc đời đáng sống"", Bill Burnett và Dave Evans - những chuyên gia về thiết kế sản phẩm từ đại học Stanford danh tiếng - đưa ra một cách nhìn khác lạ về những vấn đề tréo ngoe của cuộc sống: Góc nhìn của một nhà thiết kế sản phẩm.

Nói cách khác, Bill và Dave hướng dẫn bạn giải quyết các vấn đề và ""thiết kế"" cuộc sống như cách các nhà sáng tạo đã tạo nên bàn chải đánh răng, những chiếc máy tính của Apple hay một chiếc xe Ferrari. Qua đó, bạn học cách suy nghĩ như một nhà thiết kế, biết cách động não, thử nghiệm ý tưởng, ứng biến với mỗi câu hỏi mà cuộc sống đưa ra, qua đó tìm ra giải pháp thật sự hiệu quả.

5 kiểu tư duy căn bản được giới thiệu đến bao gồm: Tính hiếu kỳ, sự thử nghiệm, việc tái định dạng những niềm tin sai lệch, việc chú tâm vào quá trình, sự cộng tác. Bên cạnh đó, những công cụ, ý tưởng về quản lý cuộc sống được các tác giả giới thiệu - như bản đánh giá các khía cạnh cuộc sống hay bài tập nhật ký cảm xúc - hứa hẹn sẽ rất hữu ích.

Đọc ""Thiết kế một cuộc đời đáng sống"", bạn đọc sẽ gặp những người trẻ lạc lối, những nhân vật ""chưa biết phải làm gì với cuộc đời mình"", những con người tài giỏi nhưng gặp khủng hoảng trong sự nghiệp, cuộc số Với mỗi câu chuyện và vấn đề, các tác giả ứng dụng phương pháp tư duy thiết kế để giải quyết, từ đó bạn sẽ học được cách áp dụng kiểu tư duy này vào giải quyết vấn đề của chính mình.

""Không quan trọng bạn là ai, làm công việc gì, đã có tuổi hay vẫn còn trẻ, bạn có thể sử dụng chính phương pháp tư duy đã tạo ra những công nghệ, sản phẩm và không gian tuyệt vời để thiết kế sự nghiệp và cuộc sống của mình"". Bill Burnett và Dave Evans đã dạy cho hàng nghìn sinh viên Stanford về tư duy thiết kế và cách thiết kế cuộc sống. Cuốn sách lọt vào danh sách bestseller của New York Times này đã giúp rất nhiều người trên thế giới bước ra khỏi vòng lẩn quẩn của cuộc đời để sống hạnh phúc.

Hãy để ""Thiết kế một cuộc đời đáng sống"" đồng hành cùng bạn trong hành trình xây dựng nên một cuộc sống thú vị, ý nghĩa và trọn vẹn.",Làm thế nào thiết kế cuộc sống sự nghiệp ý nghĩa bằng phương pháp thiết kế sản phẩm.,NXB Trẻ,3.9,410
CL001,Những người khốn khổ,Victor Hugo,Classic,18,2306,450000,1862,"Những người khốn khổ (Les Misérables) là tiểu thuyết của văn hào Pháp Victor Hugo, được xuất bản năm 1862. Tác phẩm được đánh giá là một trong những tiểu thuyết nổi tiếng nhất của nền văn học thế giới thế kỷ 19.

Những người khốn khổ là câu chuyện về xã hội nước Pháp trong khoảng hơn 20 năm đầu thế kỷ 19 kể từ thời điểm Napoléon I lên ngôi và vài thập niên sau đó. Nhân vật chính của tiểu thuyết là Jean Valjean, một cựu tù khổ sai tìm cách chuộc lại những lỗi lầm gây ra thời trai trẻ. Bộ tiểu thuyết không chỉ nói tới bản chất của cái tốt, cái xấu, của luật pháp, mà tác phẩm còn là cuốn bách khoa thư đồ sộ về lịch sử, kiến trúc của Paris, nền chính trị, triết lý, luật pháp, công lý, tín ngưỡng của nước Pháp nửa đầu thế kỷ 19. Chính nhà văn Victor Hugo cũng đã viết cho người biên tập rằng: ""Tôi có niềm tin rằng đây sẽ là một trong những tác phẩm đỉnh cao, nếu không nói là tác phẩm lớn nhất, trong sự nghiệp cầm bút của mình"".","Thiên tiểu thuyết lịch sử về nỗi đau, công lý và nhân văn tại Pháp thế kỷ XIX.",NXB Văn nghệ,4.21,98
CL002,Hoàng tử bé,Antoine de Saint-Exupéry,Classic,10,104,50000,1943,"Hoàng tử bé được viết ở New York trong những ngày tác giả sống lưu vong và được xuất bản lần đầu tiên tại New York vào năm 1943, rồi đến năm 1946 mới được xuất bản tại Pháp. Không nghi ngờ gì, đây là tác phẩm nổi tiếng nhất, được đọc nhiều nhất và cũng được yêu mến nhất của Saint-Exupéry. Cuốn sách được bình chọn là tác phẩm hay nhất thế kỉ 20 ở Pháp, đồng thời cũng là cuốn sách Pháp được dịch và được đọc nhiều nhất trên thế giới. Với 250 ngôn ngữ dịch khác nhau kể cả phương ngữ cùng hơn 200 triệu bản in trên toàn thế giới, Hoàng tử bé được coi là một trong những tác phẩm bán chạy nhất của nhân loại.

Ở Việt Nam, Hoàng tử bé được dịch và xuất bản khá sớm. Từ năm 1966 đã có đồng thời hai bản dịch: Hoàng tử bé của Bùi Giáng do An Tiêm xuất bản và Cậu hoàng con của Trần Thiện Đạo do Khai Trí xuất bản. Từ đó đến nay đã có thêm nhiều bản dịch Hoàng tử bé mới của các dịch giả khác nhau. Bản dịch Hoàng tử bé lần này, xuất bản nhân dịp kỷ niệm 70 năm Hoàng tử bé ra đời, cũng là ấn bản đầu tiên được Gallimard chính thức chuyển nhượng bản quyền tại Việt Nam, hy vọng sẽ góp phần làm phong phú thêm việc dịch và tiếp nhận tác phẩm quan trọng này với các thế hệ độc giả.","Câu chuyện giản dị, giàu triết lý về tình bạn, tình yêu và sự trưởng thành.",NXB Hội nhà văn,4.33,500
SF005,Bí mật của may mắn,Álex Rovira Celma,Self-help,16,152,58000,2006,"Câu chuyện trong Bí Mật của May Mắn hấp dẫn như thần thoại với những chân lý thực tế và vĩnh hằng của cuộc sống mang lại cho người đọc niềm tin, hy vọng, những trải nghiệm và lý giải tại sao một số người luôn gặp được may mắn trong khi những người khác lại không có. Cuốn sách đã mang đến cho độc giả một cái nhìn thú vị và sâu sắc về những điều kiện cần thiết để tạo ra - và duy trì - sự may mắn trong mỗi cuộc đời chúng ta.

Bí Mật của May Mắn kể về một câu chuyện đầy cảm động giữa hai ông già, Max và Jim, khi họ tình cờ gặp nhau ở công viên trung tâm sau 50 năm xa cách. Trong khi Max đã gặt hái được những thành công và hạnh phúc tràn đầy trong cuộc đời mình từ sự khởi đầu vô cùng khó khăn, từ hai bàn tay trắng, thì Jim lại không thể làm được điều đó, dù rằng sự khởi đầu của ông đã được cuộc sống ưu đãi rất nhiều. Bí quyết thành công và may mắn của Max nằm ở câu chuyện kỳ diệu từ người ông đã kể lại cho Max từ nhiều năm trước. Câu chuyện đó thật kỳ bí và có sắc thái gợi nhớ đến những nhà giả kim, hiền triết xa xưa, chỉ ra bí mật, cách nắm bắt các cơ hội và gặt hái thành công trong cuộc sống. Trong đoạn kết đầy bất ngờ, Good Luck tạo ra một chu trình khép kín, mang lại sự khích lệ, những hướng dẫn cách thực hiện và trọn vẹn với một câu chuyện đầy cuốn hút. Đây thực sự là một món quà đặc biệt, thú vị và đầy cảm hứng mà Alex Rovira và Fernando Trías de Bes đã mang đến cho chúng ta.

Cuốn sách sẽ là người bạn chia sẻ chân thành nhất của bạn trong những thời điểm khó khăn, thất bại hay khi đối đầu với thử thách để vươn lên tìm được niềm tin, tình yêu, ước mơ và hạnh phúc cuộc sống.",Nghiên cứu về thế nào may mắn hoạt động và cách tăng cơ hội tốt lành.,NXB Tổng Hợp,4.1,320
PS001,Tâm lý học đám đông,Gustave Le Bon,Psychology,18,251,99000,1895,"Trong kiệt tác sáng rõ và sinh động này, Gustave Le Bon soi sáng những hoạt động vô thức - phi lý trí của các suy nghĩ tập thể cùng cảm xúc đám đông, qua đó đặt tư tưởng của đám đông đối nghịch với tư duy tự do và lý trí độc lập của các cá nhân. Ông chỉ ra bằng cách nào hành vi của một cá nhân lại có thể tác động đến đám đông.
Có rất nhiều sự thật được gợi mở nếu ta thấu hiểu về tâm lý đám đông, như Le Bon khẳng định: ""Kiến thức vê ngành khoa học này soi rọi rất nhiều hiện tượng lịch sử và kinh tế, mà nếu thiếu nó thì những hiện tượng đó sẽ hoàn toàn không thể hiểu được.""","Phân tích hành vi tập thể, ảnh hưởng của đám đông đến quyết định và chính trị.",NXB Thế giới,3.8,210
HO001,Sự im lặng của bầy cừu,Thomas Harris,Horror,18,347,159000,1988,"Những cuộc phỏng vấn ở xà lim với kẻ ăn thịt người ham thích trò đùa trí tuệ, những tiết lộ nửa chừng hắn chỉ dành cho kẻ nào thông minh, những cái nhìn xuyên thấu thân phận và suy tư của cô mà đôi khi cô muốn lảng tránh... Clarice Starling đã dấn thân vào cuộc điều tra án giết người lột da hàng loạt như thế, để rồi trong tiếng bức bối của chiếc đồng hồ đếm ngược về cái chết, cô phải vật lộn để chấm dứt tiếng kêu bao lâu nay vẫn đeo đẳng giấc mơ mình: tiếng kêu của bầy cừu sắp bị đem đi giết thịt.

Sự im lặng của bầy cừu hội tụ đầy đủ những yếu tố làm nên một cuốn tiểu thuyết trinh thám kinh dị xuất sắc nhất: không một dấu vết lúng túng trong những chi tiết thuộc lĩnh vực chuyên môn, với các tình tiết giật gân, cái chết luôn lơ lửng, với cuộc so găng của những bộ óc lớn mà không có chỗ cho kẻ ngu ngốc để cuộc chơi trí tuệ trở nên dễ dàng. Bồi đắp vào cốt truyện lôi cuốn đó là cơ hội được trải nghiệm trong trí não của cả kẻ gây tội lẫn kẻ thi hành công lý, khi mỗi bên phải vật vã trong ngục tù của đau đớn để tìm kiếm, khẩn thiết và liên tục, một sự lắng dịu cho tâm hồn.","Tiểu thuyết trinh thám rùng rợn, cuộc đối đầu tâm lý kịch tính với kẻ sát nhân.",NXB Hội nhà văn,4.26,540
FI005,Mắt Biếc,Nguyễn Nhật Ánh,Fiction,13,298,100000,1990,"Một tác phẩm được nhiều người bình chọn là hay nhất của nhà văn này. Một tác phẩm đang được dịch và giới thiệu tại Nhật Bản (theo thông tin từ các báo)… Bởi sự trong sáng của một tình cảm, bởi cái kết thúc rất, rất buồn khi suốt câu chuyện vẫn là những điều vui, buồn lẫn lộn (cái kết thúc không như mong đợi của mọi người). Cũng bởi, mắt biếc… năm xưa nay đâu (theo lời một bài hát).","Câu chuyện dịu dàng và đầy day dứt về Ngạn – chàng trai dành cả tuổi trẻ yêu thầm cô bạn thuở nhỏ tên Hà Lan. Tình yêu chân thành nhưng đơn phương ấy kéo dài suốt những năm tháng trưởng thành, xen lẫn tiếc nuối, khao khát và vẻ đẹp trong trẻo của miền quê thuở ấy. Đây là hành trình về ký ức, sự trưởng thành và nỗi buồn đẹp của những điều không thể nắm giữ.",NXB Trẻ,4.06,420
SF006,Nghệ thuật giao tiếp để thành công,Leil Lowndes,Self-help,16,400,98000,1998,"Bạn có bao giờ ngưỡng mộ những người thành đạt, những người dường như “có tất cả” chưa? Bạn thấy họ thật tự tin trong các cuộc gặp gỡ làm ăn hay luôn là người dẫn dắt không khí các bữa tiệc. Họ là người có công việc tốt nhất, có người bạn đời tuyệt vời nhất, có nhiều bạn bè tốt…có tài khoản thật lớn trong ngân hàng. Vì sao họ đạt được những điều đó? Phải chăng họ có đôi tay của vua Midas chạm vào bất cứ đâu mọi thứ đều biến thành vàng? Hay họ được ban tặng nhiều hơn? Không phải vậy. Nhiều người trong số họ không hề thông minh hơn, thậm chí cũng chẳng ưa nhìn hơn bạn! Đạt được kết quả đáng mơ ước đó là do những người thành đạt thường có kỹ năng giao tiếp, ứng xử khéo léo hơn người khác. Ai trong chúng ta cũng tiềm ẩn kỹ năng này, người có nhiều, người có ít, người nào có nhiều thì gặt hái thành công trong cuộc sống.

Trong cuốn sách này, với 92 thủ thuật đơn giản mà hiệu quả, Leil Lowndes sẽ giúp bạn khám phá và rèn luyện các kỹ năng để: Tạo một khởi đầu ấn tượng và gặp được những người bạn muốn Hòa nhập linh hoạt vào bất cứ nhóm nào, dù giữa bạn và họ ít tương đồng đến đâu Sử dụng ngôn ngữ cơ thể để lôi cuốn người nghe Trở thành nhân vật trung tâm tại mọi bữa tiệc Luôn tự tin, đáng tin cậy và gây ảnh hưởng ở mọi nơi.",Các nguyên tắc căn bản để tạo ấn tượng tốt và ảnh hưởng người khác hiệu quả.,NXB Lao Động - Xã Hội,3.67,122
FI006,Cuộc đời Pi,Yann Martel,Fiction,13,453,135000,2001,"Sau vụ đắm tàu bi thảm, Pi, cậu bé 16 tuổi con một giám đốc sở thú cùng gia đình đi Canada, thấy mình là kẻ sống sót duy nhất trên một chiếc xuồng cứu nạn nhỏ bé dập dềnh giữa Thái Bình Dương. Cùng với một con ngựa vằn đau khổ (gẫy một chân), một con linh cẩu lông đốm độc ác liên tục kêu yip yip, một con đười ươi cái nôn ọe vì say sóng và đặc biệt một con hổ Bengal nặng 450 pound, Pi đã lang thang trên đại dương suốt 227 ngày, hy vọng rồi tuyệt vọng, trải qua những điều hài hước nhất, kinh khủng nhất, hoang tưởng nhất, đáng sợ nhất...mà một con người có thể gặp trong đời. Trí tưởng tượng không giới hạn, vốn hiểu biết dày dặn, sự trải nghiệm sâu rộng, nghệ thuật kể chuyện bậc thầy, đó là những yếu tố đã giúp Yann Martel viết nên một trong những cuốn sách đáng đọc nhất của văn học thế giới đương đại.","Chuyến phiêu lưu của cậu bé và con hổ trên biển, câu chuyện về đức tin và sinh tồn.",NXB Văn học,3.94,890
FN003,Người bán hàng vĩ đại,Og Mandino,Finance,16,127,79000,1968,"""Người Bán Hàng Vĩ Đại Nhất Thế Giới"" của Og Mandino là một hành trình dài về câu chuyện của Hafid, một cậu bé lạc đà nghèo, ở Jerusalem cổ đại. Người thanh niên đã học được từ một thương nhân giàu có và thành công về những bí quyết để trở thành một người bán hàng vĩ đại.

Cuốn sách này được gói gọn trong mười cuốn da dê giúp bạn trở thành một Người bán hàng vĩ đại nhất thế giới, tuy nhiên nó không chỉ dạy bạn cách “bán hàng”, mà nó còn là một cuốn sách dạy bạn làm người, giúp bạn trở thành người “vĩ đại nhất” trong lĩnh vực mà mình đã chọn. Nội dung cuốn sách này được đúc rút từ những kinh nghiệm xương máu mà nhờ đó nó đã biến các ước mơ của cổ nhân thành hiện thực chứ không phải do một cá nhân nào đó tưởng tượng ra trong khi lại chưa được thực nghiệm kiểm chứng cả. Mỗi người đều có quyền tự do lựa chọn con đường để thực hiện giấc mơ của mình tuỳ thuận với nhận thức riêng của họ. Quyển sách này là một trong những con đường có thể giúp bạn đạt được ước mơ của mình. Cho đến nay, “Người bán hàng vĩ đại nhất Thế giới” được dịch ra 25 ngôn ngữ và đã bán ra hơn 50 triệu bản, trở thành cuốn sách bán chạy nhất Thế giới.

""Người Bán Hàng Vĩ Đại Nhất Thế Giới"" có một cốt truyện rất độc đáo và thú vị cùng văn phong tài tình và cuốn hút. Mỗi người trong chúng ta đều là một nhà kinh doanh, dù ta thuộc ngành nghề nào. Bởi vì quan trọng nhất là ta phải tiếp thị được bản thân mình cho chính mình, chỉ khi đó ta mới tìm được hạnh phúc và sự bình yên trong tâm hồn. Hãy đọc thật cẩn thận, tiếp thu và lưu từng chi tiết trong cuốn sách này, và nó sẽ giúp bất cứ người nào trở thành nhà kinh doanh tài ba nhất.",Những nguyên tắc bán hàng và quảng cáo hiệu quả từ góc nhìn chuyên gia.,NXB Tổng Hợp,4.21,430
SF007,Đời ngắn đừng ngủ dài,Robin Sharma,Self-help,16,228,88000,2007,"“Mọi lựa chọn đều giá trị. Mọi bước đi đều quan trọng. Cuộc sống vẫn diễn ra theo cách của nó, không phải theo cách của ta. Hãy kiên nhẫn. Tin tưởng. Hãy giống như người thợ cắt đá, đều đặn từng nhịp, ngày qua ngày. Cuối cùng, một nhát cắt duy nhất sẽ phá vỡ tảng đá và lộ ra viên kim cương. Người tràn đầy nhiệt huyết và tận tâm với việc mình làm không bao giờ bị chối bỏ. Sự thật là thế.”

Bằng những lời chia sẻ thật ngắn gọn, dễ hiểu về những trải nghiệm và suy ngẫm trong đời, Robin Sharma tiếp tục phong cách viết của ông từ cuốn sách Điều vĩ đại đời thường để mang đến cho độc giả những bài viết như lời tâm sự, vừa chân thành vừa sâu sắc.","Lời nhắc sống trọn vẹn, quản lý thời gian và phát triển bản thân mỗi ngày.",NXB Trẻ,3.9,670
FI007,Cây cam ngọt của tôi,José Mauro de Vasconcelos,Fiction,13,240,98000,1968,"“Vị chua chát của cái nghèo hòa trộn với vị ngọt ngào khi khám phá ra những điều khiến cuộc đời này đáng sống… một tác phẩm kinh điển của Brazil.”
– Booklist

“Một cách nhìn cuộc sống gần như hoàn chỉnh từ con mắt trẻ thơ… có sức mạnh sưởi ấm và làm tan nát cõi lòng, dù người đọc ở lứa tuổi nào.”
– The National

Hãy làm quen với Zezé, cậu bé tinh nghịch siêu hạng đồng thời cũng đáng yêu bậc nhất, với ước mơ lớn lên trở thành nhà thơ cổ thắt nơ bướm. Chẳng phải ai cũng công nhận khoản “đáng yêu” kia đâu nhé. Bởi vì, ở cái xóm ngoại ô nghèo ấy, nỗi khắc khổ bủa vây đã che mờ mắt người ta trước trái tim thiện lương cùng trí tưởng tượng tuyệt vời của cậu bé con năm tuổi.

Có hề gì đâu bao nhiêu là hắt hủi, đánh mắng, vì Zezé đã có một người bạn đặc biệt để trút nỗi lòng: cây cam ngọt nơi vườn sau. Và cả một người bạn nữa, bằng xương bằng thịt, một ngày kia xuất hiện, cho cậu bé nhạy cảm khôn sớm biết thế nào là trìu mến, thế nào là nỗi đau, và mãi mãi thay đổi cuộc đời cậu.

Mở đầu bằng những thanh âm trong sáng và kết thúc lắng lại trong những nốt trầm hoài niệm, Cây cam ngọt của tôi khiến ta nhận ra vẻ đẹp thực sự của cuộc sống đến từ những điều giản dị như bông hoa trắng của cái cây sau nhà, và rằng cuộc đời thật khốn khổ nếu thiếu đi lòng yêu thương và niềm trắc ẩn. Cuốn sách kinh điển này bởi thế không ngừng khiến trái tim người đọc khắp thế giới thổn thức, kể từ khi ra mắt lần đầu năm 1968 tại Brazil.",Câu chuyện cảm động về Zezé – cậu bé nghèo nhưng giàu trí tưởng tượng – và hành trình trưởng thành đầy nỗi đau xen lẫn sự ấm áp của tình yêu thương.,NXB Hội nhà văn,4.38,230
FI008,Chuyện con mèo dạy hải âu bay,Luis Sepúlveda,Fiction,10,144,60000,1996,"Cô hải âu Kengah bị nhấn chìm trong váng dầu – thứ chất thải nguy hiểm mà những con người xấu xa bí mật đổ ra đại dương. Với nỗ lực đầy tuyệt vọng, cô bay vào bến cảng Hamburg và rơi xuống ban công của con mèo mun, to đùng, mập ú Zorba. Trong phút cuối cuộc đời, cô sinh ra một quả trứng và con mèo mun hứa với cô sẽ thực hiện ba lời hứa chừng như không tưởng với loài mèo:

Không ăn quả trứng.
Chăm sóc cho tới khi nó nở.
Dạy cho con hải âu bay.

Lời hứa của một con mèo cũng là trách nhiệm của toàn bộ mèo trên bến cảng, bởi vậy bè bạn của Zorba bao gồm ngài mèo Đại Tá đầy uy tín, mèo Secretario nhanh nhảu, mèo Einstein uyên bác, mèo Bốn Biển đầy kinh nghiệm đã chung sức giúp nó hoàn thành trách nhiệm. Tuy nhiên, việc chăm sóc, dạy dỗ một con hải âu đâu phải chuyện đùa, sẽ có hàng trăm rắc rối nảy sinh và cần có những kế hoạch đầy linh hoạt được bàn bạc kỹ càng…

Chuyện con mèo dạy hải âu bay là kiệt tác dành cho thiếu nhi của nhà văn Chi Lê nổi tiếng Luis Sepúlveda – tác giả của cuốn Lão già mê đọc truyện tình đã bán được 18 triệu bản khắp thế giới. Tác phẩm không chỉ là một câu chuyện ấm áp, trong sáng, dễ thương về loài vật mà còn chuyển tải thông điệp về trách nhiệm với môi trường, về sự sẻ chia và yêu thương cũng như ý nghĩa của những nỗ lực – “Chỉ những kẻ dám mới có thể bay”.

Cuốn sách mở đầu cho mùa hè với minh họa dễ thương, hài hước là món quà dành cho mọi trẻ em và người lớn.","Một chú mèo nhận lời hứa dạy một chú hải âu mồ côi biết bay, mang thông điệp đẹp về tình yêu thương, trách nhiệm và niềm tin vào điều tưởng chừng không thể.",NXB Hội nhà văn,4.23,150
FI009,Mật mã Da Vinci,Dan Brown,Fiction,16,537,199000,2003,"Trong khi đang công tác ở Paris, nhà biểu tượng học của trường Đại học Harvard, Robert Langdon nhận được một cuộc điện thoại khẩn cấp lúc tối muộn. Người quản lý lớn tuổi của bảo tàng Louvre đã bị sát hại trong bảo tàng, một mật mã khó hiểu được tìm thấy gần thi thể nạn nhân. Khi Langdon và nhà mật mã học người Pháp tài năng, Sphie Neveu, giải mã những bí ẩn kỳ quái này, họ đã hết sức sửng sốt khi phát hiện ra một chuỗi các manh mối được giấu trong các tác phẩm của Da Vinci những đầu mối rõ ràng để mọi người nhìn thấy nhưng lại được nguỵ trang một cách tài tình bởi người hoạ sĩ.

Sự khẩn cấp tăng lên khi Langdon hé mở một mối liên hệ làm người ta phải giật mình: Người quản lý quá cố tham gia Tu viện của dân Do Thái - một tổ chức bí mật có thật mà trong số các thành viên của nó cả Ngài Isaac Newton, Bottcelli, Victor Hugo, và Da Vinci. Langdon có linh cảm rằng họ đang theo đuổi một bí mật lịch sử gây kinh ngạc, đã chứng minh trong nhiều thế kỷ là sáng tỏ và cũng rất nguy hiểm. Trong cuộc chạy đua điên cuồng qua Pari và các nơi khác, Langdon và Neveu nhận thấy rằng học đang đối chọi với một kẻ buôn đồ cổ đầy thế lực giấu mặt, hắn luôn xuất hiện để chặn trước mọi hàng động của họ. Trừ khi họ có thể giải mã câu đố hóc búa ấy, nếu không bí mật của Tu viện - và một sự thật lịch sử gây chấn động - sẽ biến mất mãi mãi.",Cuộc đua giải mã bí mật lịch sử ẩn trong các tác phẩm nghệ thuật và tôn giáo.,NXB Văn hóa Thông tin,3.93,4
FI010,Kẻ trộm sách,Markus Zusak,Fiction,13,571,198000,2005,"Kẻ trộm sách - tác phẩm của nhà văn Úc Markus Zusak xuất bản năm 2005 đã làm mưa làm gió trên bảng xếp hạng những cuốn sách bán chạy nhất của The New York Times hơn 100 tuần liên tiếp, trở thành một tác phẩm kinh điển, một sự lựa chọn của hệ thống các thư viện trường học của Anh và Mỹ. Kẻ trộm sách khi mới ra đời đã lập tức gây ngạc nhiên cho những cây bút phê bình văn học trên thế giới và làm hàng triệu cặp mắt phải nhòa lệ.

Chọn một đề tài tưởng như đã có quá nhiều cây bút đào xới - cuộc chiến tranh thế giới lần thứ 2 - nhưng Markus Zusak vẫn gây bất ngờ cho người đọc. Người kể chuyện trong tác phẩm này là Thần Chết - một “gương mặt” quen thuộc của chiến tranh, gắn liền với cái chết, với sự bi thương, sự tăm tối. Nhưng câu chuyện mà Thần chết kể ra, về sự dữ dội của những gì con người gây ra đối với chính đồng loại của họ thì đến ngay cả Thần Chết cũng phải rùng mình. Lật giở những trang sách, người đọc như bước vào cuộc trò chuyện với Thần Chết, một nhân vật có khiếu hài hước, với một lời cảnh báo nho nhỏ đầy hóm hỉnh ngay khi mở đầu câu chuyện rằng “Bạn sẽ chết”. Đây là một câu chuyện với quá nhiều cái chết nhưng cũng đầy ắp tình yêu thương và thấm đẫm tính nhân văn. Dù vậy, nội dung chính của câu chuyện không lột tả những cảnh chiến trường đẫm máu của thế chiến II, những cảnh giết chóc man rợ… mà đây là câu chuyện về Liesel, cô bé gái mồ côi được làm con nuôi tại phố Thiên Đàng thuộc thành phố Munich. Chính tại thị trấn nhỏ nghèo nàn với vẻ ngoài bình yên của những trận đá bóng của trẻ con, những phi vụ ăn trộm nho nhỏ của đám trẻ đói khát, tình bạn tuyệt đẹp của Liesel và cậu bé Rudy đầy cá tính… đã toát lên không khí của nước Đức căng thẳng đầy những xung đột 0 một nước Đức đang trải qua một trong những giai đoạn kinh hoàng nhất của lịch sử nhân loại.

Từ cuộc sống nghèo tại phố Thiên Đàng nhỏ bé, Liesel đã phải - trực tiếp và gián tiếp - chứng kiến sự tàn khốc của cuộc chiến, sự man rợ đến rùng mình của chế độ phát xít đối với những người Do Thái vô tội. Ngay trong số các công dân nước Đức luôn bày tỏ sự trung thành tuyệt đối với Quốc trưởng mọi lúc mọi nơi thì đó vẫn có những con người như Hans Hubermann - cha nuôi của Liesel - lén lút giấu trong nhà mình một thanh niên Do Thái trước sự truy lùng của chế độ Đức quốc xã. Và vì hành động đó, Hans và gia đình ông đã phải sống trong những tháng ngày căng thẳng, sợ hãi tột độ. Có biết bao bất hạnh ập xuống những con người vô tội ở phố Thiên Đàng, những đứa trẻ mang nhiều phẩm chất đẹp đẽ và tuyệt vời như Rudy cũng phải lãnh chịu số phận bi thương. Chứng kiến cảnh đó, chính trái tim của Thần Chết như bị giày xéo và khiến ông bật khóc. Trước những gì con người gây ra cho đồng loại, Thần Chết phải thốt lên: “Tôi nhìn thấy sự xấu xí và vẻ đẹp của họ, và tôi tự hỏi rằng làm sao mà một thứ như vậy lại có thể mang cả hai thuộc tính này.”

Trong câu chuyện về Liesel, điều ấn tượng nhất với thần chết chính là niềm say mê sách của cô bé. Liesel ăn cắp những cuốn sách bất cứ khi nào có thể. Trong cuốn sách này còn có những tác phẩm của các nhân vật của chúng ta - những tác phẩm viết tay với hình minh họa đầy thú vị, cho thấy niềm say mê ngôn ngữ đồng thời đây là một ẩn dụ của tác giả về sức mạnh của ngôn từ. Ngôn từ có ma lực của riêng chúng: Chính nhờ có từ ngữ mà Hitler đã gần như thống trị được cả thế giới, nhưng cũng chính nhờ từ ngữ mà cô bé Liesel mới thoát chết. Ngôn từ trong Kẻ trộm sách được nhắc đến thường xuyên và khó nắm bắt thư thể những nốt nhạc của một bản giao hưởng.

Kẻ trộm sách được viết nên bằng một văn phong đặc biệt, lôi cuốn. Sự thành công của Kẻ trộm sách còn nằm ở tài năng khắc họa nhân vật của Zusak - ông đã thổi một luồng sinh khí vô cùng mạnh mẽ vào từng nhân vật, khiến cho họ - tuy chỉ được biết đến qua những con chữ trên mặt giấy - vẫn sống động và đầy cá tính, vẫn khiến người đọc phải đau nỗi đau của họ, vui niềm vui của họ, và hồi hộp theo dõi câu chuyện cuộc đời họ cho đến tận trang sách cuối cùng. Đúng như lời khẳng định các nhà phê bình văn học, Kẻ trộm sách là một tác phẩm mà bạn sẽ khó lòng bỏ xuống nửa chừng một khi đã bước vào câu chuyện kể của vị thần chết đầy vui tính…","Trong bối cảnh Đức Quốc Xã, cô bé Liesel tìm thấy sức mạnh của chữ nghĩa để chống lại mất mát, chiến tranh và cái ác, được kể lại qua góc nhìn của Thần Chết.",NXB Trẻ,4.39,320
FI011,Rừng Na Uy,Haruki Murakami,Fiction,18,556,150000,1987,"Toru Watanabe, một chàng thanh niên 37 tuổi vừa mới đặt chân tới Hamburg, Đức. Khi bất chợt nghe được bài hát ""Norwegian Wood"" của Beatles, anh bỗng hồi tưởng lại mối tình đầu của mình với Naoko. Ký ức mang anh trở lại với những năm của thập kỷ 1960, khi có quá nhiều sự việc xảy ra với cuộc sống của anh khi đó.

Toru cùng với người bạn cùng lớp Kizuki, và bạn gái của Kizuki - Naoko là những người bạn thân thiết. Kizuki với Naoko là một đôi với nhau còn Toru dường như rất hạnh phúc và ủng hộ cho mối tình của họ. Tình bạn này đã bị đứt gãy khi vụ tự tử của Kizuki xảy ra vào ngày sinh nhật lần thứ 17 của anh. Cái chết của Kizuki đã ảnh hưởng sâu sắc tới 2 người bạn còn lại; Toru luôn cảm thấy ảnh hưởng của cái chết ở mọi nơi còn Naoko thì thấy dường như mất một phần con người mình. Hai người sau này đã tìm đến nhau và cố gắng an ủi nhau, họ đã ngày càng thân nhau hơn và giữa họ đã nảy sinh tình cảm đôi lứa. Trong buổi tối ngày sinh nhật lần thứ 20 của Naoko, Cô đã cảm thấy bị thương tổn ghê gớm và rất cần sự an ủi, chia sẻ. Họ đã quan hệ tình dục với nhau tối hôm đó, và đây cũng là lần đầu của Naoko. Kể từ sau buổi tối đó, Naoko đã để lại cho Toru một bức thư nói rằng cô cần phải đi xa một thời gian và cũng nghỉ học ở trường để tới nhà nghỉ Ami - một nơi ở kết hợp nơi điều trị thần kinh. Cô đã có một số vấn đề thần kinh không bình thường.

Toru sau này đã kết bạn với Midori Kobayashi, một cô bạn cùng lớp. Cô có mọi thứ mà Naoko không có - sự cởi mở, tự tin, tràn đầy sức sống. Mặc dù anh vẫn yêu Naoko, Toru vẫn bị Midori hấp dẫn và ngược lại, Midori cũng rất yêu quý Toru, và tình bạn của họ ngày càng phát triển trong thời gian Naoko vắng mặt.

Toru đã đến thăm Naoko tại nơi điều trị gần Kyoto. Ở đó, anh đã gặp Reiko Ishida, một bệnh nhân khác và là người theo dõi, chăm sóc Naoko. Trong chuyến thăm này và một vài chuyến thăm khác nữa, Reiko cùng với Naoko đã hé lộ thêm vài việc trong quá khứ của mình: Reiko nói về sự tìm kiếm của cô để xác nhận những vấn đề về giới tính còn Naoko nói về việc tự tử không báo trước của chị gái mình vài năm trước.

Toru, khi quay trở lại Tokyo, vẫn tiếp tục mối quan hệ với Midori và vẫn không quên Naoko. Anh viết một bức thư cho Reiko, xin lời khuyên của cô về việc lựa chọn nên phát triển quan hệ tình cảm lâu dài với Naoko hay Midori. Anh không muốn làm tổn thương Naoko, nhưng anh cũng không muốn để tuột mất Midori. Reiko khuyên anh rằng, nếu bị Midori thu hút mạnh đến thế thì nên yêu hết mình cho dù tình yêu đó có thể phát triển tốt hoặc không, còn đừng nên nói chuyện đó với Naoko vì Toru vẫn là nguồn sức mạnh lớn lao cho Naoko để cô an tâm chữa bệnh.

Sau này, Toru đã nhận được một lá thư báo rằng Naoko đã tự kết liễu cuộc đời mình. Kết cục của điều đó là việc Toru đi lang thang phiêu bạt khắp nước Nhật mà chẳng có mục đích nào cả, trong lòng luôn nhớ đến những kỷ niệm xưa giữa hai người, trong khi đó Midori không nhận được liên hệ nào với anh và không hiểu chuyện gì đã xảy ra. Một thời gian sau, khi đã nhận ra rằng, cái chết không phải là sự đối nghịch mà nó chính là một phần của sự sống, anh quay trở lại Tokyo, và khi đó Reiko tới thăm anh. Trước đây, sau cái chết của Naoko, Reiko đã viết rất nhiều bức thư nói với anh rằng cái chết đó không phải do lỗi của Toru, không phải lỗi của ai cả, cũng giống như trời mưa không phải do ai. Với sự ủng hộ của chị, anh đã nhận ra rằng, giờ đây Midori là người quan trọng nhất trong cuộc đời anh. Toru đã nói chuyện tình cảm của mình với Midori. Chuyện gì đã xảy ra tiếp theo tác phẩm không đề cập tới mà đã để một cái kết mở cho người đọc.","Một câu chuyện trầm buồn về tình yêu, mất mát và tuổi trẻ thông qua hành trình trưởng thành của Toru Watanabe trong những năm đại học.",NXB Hội nhà văn,3.99,890
CL003,Trăm năm cô đơn,Gabriel García Márquez,Classic,18,456,145000,1967,"Cho đến nay Trăm Năm Cô Đơn vẫn là cuốn tiểu thuyết lớn nhất của Gabriel Garcia Márquez, nhà văn Columbia, người được giải Nobel về văn học năm 1982. Trăm Năm Cô Đơn ra đời (1967) đã gây dư luận sôi nổi trên văn đàn Mỹ Latinh và lập tức được cả thế giới hâm mộ. Sau gần hai mươi năm, Trăm Năm Cô Đơn đã có mặt ở khắp nơi trên hành tinh chúng ta để đến với mọi người và mọi nhà.

Trăm Năm Cô Đơn là lời kêu gọi mọi người hãy sống đúng bản chất người - tổng hòa các mối quan hệ xã hội - của mình, hãy vượt qua mọi định kiến, thành kiến cá nhân, hãy lấp bằng mọi hố ngăn cách cá nhân để cá nhân mình tự hòa đồng với gia đình, với cộng đồng xã hội. Vì lẽ đó Garcia Márquez từng tuyên bố cuốn sách mà ông để cả đời sáng tác là cuốn sách về cái cô đơn và thông qua cái cô đơn ông kêu gọi mọi người đoàn kết, đoàn kết để đấu tranh, đoàn kết để chiến thắng tình trạng chậm phát triển của Mỹ Latinh, đoàn kết để sáng tạo ra một thiên huyền thoại khác hẳn. Một huyền thoại mới, hấp dẫn của cuộc sống, nơi không ai bị kẻ khác định đoạt số phận mình ngay cả cái cách thức chết, nơi tình yêu có lối thoát và hạnh phúc là cái có khả năng thực sự, và nơi những dòng họ bị kết án trăm năm cô đơn cuối cùng và mãi mãi sẽ có vận may lần thứ hai để tái sinh trên mặt đất này.","Biên niên sử kỳ ảo về dòng họ Buendía trong ngôi làng Macondo, nơi lịch sử, tình yêu, bi kịch và phép màu đan cài trong vòng lặp số phận.",NXB Trẻ,4.12,210
FI012,Một thoáng ta rực rỡ ở nhân gian,Ocean Vuong,Fiction,18,304,128000,2019,"Một thoáng ta rực rỡ ở nhân gian được viết dưới dạng một bức thư từ người con trai gửi đến người mẹ mù chữ của anh. ""Cún Con"", đang độ tuổi cuối hai mươi, cùng một bức thư phơi bày quá khứ của gia đình từ trước khi anh ấy chào đời - một quá khứ mà tâm chấn của nó bắt nguồn từ Việt Nam - đồng thời đóng vai trò như một cánh cổng dẫn lối mẹ anh vào những phần đời mà anh chưa từng chia sẻ. Chẳng những là một bằng chứng cho tình yêu lớn lao không thể phủ nhận giữa người mẹ đơn thân và cậu con trai, mà nó còn là một cuộc khám phá đầy xúc cảm về các vấn đề chủng tộc, giai cấp, d.ụ.c tính và nam tính. Một thoáng ta rực rỡ ở nhân gian hỏi những câu trọng tâm về tình trạng hiện tại của nước Mỹ, đưa ta đắm chìm vào sự nghiện ngập, bạo lực và tổn thương, nhưng cũng che chở ta bằng lòng trắc ẩn và sự dịu dàng, tác phẩm tìm cách kể câu chuyện của những con người vốn không được đoái hoài đến trong xã hội.

Với sự khẩn trương và duyên dáng đầy kinh ngạc, Ocean Vuong viết về những người bị mắc kẹt giữa các thế giới đối lập, và làm thế nào chúng ta chữa lành hay cứu rỗi lẫn nhau mà không một ai phải từ bỏ bản chất. Câu hỏi làm sao để sống, và làm thế nào để biến cuộc sống này thành niềm vui, đó chính là nguồn sức mạnh của cuốn tiểu thuyết đầu tay được đánh giá cao trong nhiều năm gần đây.","Lá thư đầy cảm xúc của một chàng trai trẻ gửi mẹ, kể lại tuổi thơ di dân, tình yêu đầu đời và hành trình tìm kiếm bản dạng giữa đau thương và hy vọng.",NXB Hội nhà văn,4.02,410
NF005,Tư duy nhanh và chậm,Daniel Kahneman,Nonfiction,18,611,369000,2011,"Chúng ta thường tự cho rằng con người là sinh vật có lý trí mạnh mẽ, khi quyết định hay đánh giá vấn đề luôn kĩ lưỡng và lý tính. Nhưng sự thật là, dù bạn có cẩn trọng tới mức nào, thì trong cuộc sống hàng ngày hay trong vấn đề liên quan đến kinh tế, bạn vẫn có những quyết định dựa trên cảm tính chủ quan của mình. Thinking fast and slow, cuốn sách nổi tiếng tổng hợp tất cả nghiên cứu được tiến hành qua nhiều thập kỷ của nhà tâm lý học từng đạt giải Nobel Kinh tế Daniel Kahneman sẽ cho bạn thấy những sư hợp lý và phi lý trong tư duy của chính bạn. Cuốn sách được đánh giá là “kiệt tác” trong việc thay đổi hành vi của con người, Thinking fast and slow đã dành được vô số giải thưởng danh giá, lọt vào Top 11 cuốn sách kinh doanh hấp dẫn nhất năm 2011. Alpha Books đã mua bản quyền và sẽ xuất bản cuốn sách trong Quý 1 năm nay. Thinking fast and slow dù là cuốn sách có tính hàn lâm cao nhưng vô cùng bổ ích với tất cả mọi người và đặc biệt rất dễ hiểu và vui nhộn.

Đã có rất nhiều cuốn sách nói về tính hợp lý và phi lý của con người trong tư duy, trong việc đánh giá và ra quyết định, nhưng Thinking fast and slow được Tạp chí Tài chính Mỹ đánh giá là “kiệt tác”.

Bạn nghĩ rằng bạn tư duy nhanh, hay chậm? Bạn tư duy và suy nghĩ theo lối “trông mặt bắt hình dong”, đánh giá mọi vật nhanh chóng bằng cảm quan, quyết định dựa theo cảm xúc hay tư duy một cách cẩn thận, chậm rãi nhưng logic hợp lý về một vấn đề. Thinking fast and slow sẽ đưa ra và lý giải hai hệ thống tư duy tác động đến con đường nhận thức của bạn. Kahneman gọi đó là: hệ thống 1 và hệ thống 2. Hệ thống 1, còn gọi là cơ chế nghĩ nhanh, tự động, thường xuyên được sử dụng, cảm tính, rập khuôn và tiềm thức. Hệ thống 2, còn gọi là cơ chế nghĩ chậm, đòi hỏi ít nỗ lực, ít được sử dụng, dùng logic có tính toán và ý thức. Trong một loạt thí nghiệm tâm lý mang tính tiên phong, Kahneman và Tversky chứng minh rằng, con người chúng ta thường đi đến quyết định theo cơ chế nghĩ nhanh hơn là ghĩ chậm. Phần lớn nội dung của cuốn sách chỉ ra những sai lầm của con người khi suy nghĩ theo hệ thống 1. Kahneman chứng minh rằng chúng ta tệ hơn những gì chúng ta tưởng: đó là chúng ta không biết những gì chúng ta không biết!

Cuốn sách đặc biệt đã dành được vô số giải thưởng danh giá: Sách khoa học hay nhất của Học viện Khoa học Quốc gia năm 2012, được tạp chí The New York Times bình chọn là sách hay nhất năm 2011, một trong những cuốn sách kinh tế xuất sắc năm 2011, chiến thắng giải thưởng cuốn sách được quan tâm nhất năm 2011 của tạp chí Los Algeles… Thinking fast and slow đáp ứng hai tiêu chí của một cuốn sách hay, thứ nhất nó thách thức quan điểm của người đọc, thứ hai, nó không phải là những trang sách với những con chữ khô cứng mà nó vô cùng vui nhộn và hấp dẫn. Không nghi ngờ gì nữa, đây là cuốn sách hàn lâm dành cho tất cả mọi người.!","Hai hệ tư duy: nhanh trực giác và chậm suy luận, ảnh hưởng tới quyết định hàng ngày.",NXB Trẻ,4.17,425
CL004,Bắt Trẻ Đồng Xanh,J.D. Salinger,Classic,16,328,98000,1951,"Bắt Trẻ Đồng Xanh (tiếng Anh: The Catcher in the Rye) là tiểu thuyết đầu tay của nhà văn Mỹ J. D. Salinger. Tác phẩm dùng cách tường thuật ở ngôi thứ nhất, cũng là nhân vật chính của truyện, Holden Caulfield, kể lại câu chuyện của Holden trong những ngày cậu ở thành phố New York sau khi bị đuổi khỏi Pencey Prep, một trường dự bị đại học.

Xuất bản lần đầu tiên tại Hoa Kỳ năm 1951, tác phẩm này đã gây ra tranh cãi lớn vì đã sử dụng nhiều ngôn từ tục tĩu, mô tả tâm lý chán chường và vấn đề tình dục của vị thành niên[1][2]. Nhân vật chính của Bắt trẻ đồng xanh, Holden Caulfield, đã trở thành hình tượng cho sự nổi loạn và thách thức của thanh thiếu niên Mỹ[3].

Trong lần xuất bản đầu tiên, Bắt Trẻ Đồng Xanh chủ yếu dành cho độc giả là người lớn[4] nhưng sau đó cuốn tiểu thuyết đã được đưa vào chương trình giảng dạy bậc trung học của nhiều nước nói tiếng Anh và cũng được dịch sang hầu hết các ngôn ngữ chính trên thế giới[5]. Mỗi năm có trung bình khoảng 250.000 bản sách của tác phẩm được bán ra, tính tổng cộng đến nay là khoảng 65 triệu ấn bản[6]. Tác phẩm này đã được tạp chí Time đưa vào danh sách 100 tiểu thuyết tiếng Anh hay nhất từ năm 1923 đến nay[7].","Hành trình của Holden Caulfield – một thiếu niên lạc lõng, nổi loạn – vật lộn với nỗi cô đơn, sự hoài nghi và khát khao tìm lại sự thuần khiết trong một thế giới “giả tạo”.",NXB Văn học,3.8,410
CL005,Giết con chim nhại,Harper Lee,Classic,13,478,148000,1960,"Giết con chim nhại được xuất bản lần đầu vào năm 1960 và đã giành được giải Pulitzer năm 1961. Nội dung tiểu thuyết dựa vào cuộc đời của nhiều bạn bè và họ hàng tác giả, nhưng tên nhân vật đã được thay đổi. Tác giả cho biết hình mẫu nhân vật Jean Louise ""Scout"" Finch, người dẫn truyện, được xây dựng dựa vào chính bản thân mình.

Cho dù được kể dưới góc nhìn của một cô bé, cuốn sách Giết con chim nhại không né tránh bất kỳ vấn đề nào, gai góc hay lớn lao, sâu xa hay phức tạp: nạn phân biệt chủng tộc, những định kiến khắt khe, sự trọng nam khinh nữ… Góc nhìn trẻ thơ là một dấu ấn đậm nét và cũng là đặc sắc trong Giết con chim nhại. Trong sáng, hồn nhiên và đầy cảm xúc, những câu chuyện tưởng như chẳng có gì to tát gieo vào người đọc hạt mầm yêu thương.

Gần 50 năm từ ngày đầu ra mắt, cuốn sách của nữ nhà văn Mỹ Harper Lee vẫn đầy sức hút với độc giả ở nhiều lứa tuổi. Thông điệp yêu thương trải khắp các chương sách là một trong những lý do khiến Giết con chim nhại giữ sức sống lâu bền của mình trong trái tim độc giả ở nhiều quốc gia, nhiều thế hệ. Những độc giả nhí tìm cho mình các trò nghịch ngợm và cách nhìn dí dỏm về thế giới xung quanh. Người lớn lại tìm ra điều thú vị sâu xa trong tình cha con nhà Atticus, và đặc biệt là tình người trong cuộc sống, như bé Scout quả quyết nói “em nghĩ chỉ có một hạng người. Đó là người”.","Qua góc nhìn trẻ thơ của Scout, câu chuyện phơi bày bất công chủng tộc và sức mạnh của lòng dũng cảm, đồng thời ca ngợi sự tử tế ngay trong những thời khắc tăm tối.",NXB Văn học,4.26,99
FI013,Bố Già,Mario Puzo,Fiction,16,534,220000,1969,"Thế giới ngầm được phản ánh trong tiểu thuyết Bố già là sự gặp gỡ giữa một bên là ý chí cương cường và nền tảng gia tộc chặt chẽ theo truyền thống Mafia xứ Sicily với một bên là xã hội Mỹ nhập nhằng đen trắng, mảnh đất màu mỡ cho những cơ hội làm ăn bất chính hứa hẹn những món lợi kếch xù. Trong thế giới ấy, hình tượng Bố già được tác giả dày công khắc họa đã trở thành bức chân dung bất hủ trong lòng người đọc.

Từ một kẻ nhập cư tay trắng đến ông trùm tột đỉnh quyền uy, Don Vito Corleone là con rắn hổ mang thâm trầm, nguy hiểm khiến kẻ thù phải kiềng nể, e dè, nhưng cũng được bạn bè, thân quyến xem như một đấng toàn năng đầy nghĩa khí. Nhân vật trung tâm ấy đồng thời cũng là hiện thân của một pho triết lí rất “đời” được nhào nặn từ vốn sống của hàng chục năm lăn lộn giữa chốn giang hồ bao phen vào sinh ra tử.

Với kết cấu hoàn hảo, cốt truyện không thiếu những pha hành động gay cấn, tình tiết bất ngờ và không khí kình địch đến nghẹt thở, Bố già xứng đáng là đỉnh cao trong sự nghiệp văn chương của Mario Puzo.","Bức tranh sâu sắc về thế giới mafia Mỹ, xoay quanh quyền lực, gia đình và sự chuyển giao tàn khốc giữa các thế hệ trong dòng họ Corleone.",NXB Văn học,4.4,760
CL007,Đồi Gió Hú,Emily Brontë,Classic,16,491,145000,1847,"Đồi gió hú, câu chuyện cổ điển về tình yêu ngang trái và tham vọng chiếm hữu, cuốn tiểu thuyết dữ dội và bí ẩn về Catherine Earnshaw, cô con gái nổi loạn của gia đình Earnshaw, với một gã đàn ông thô ráp và điên rồ mà cha cô mang về nhà rồi đặt tên là Heathcliff, được trình hiện lên trên cái nền những đồng truông, quả đồi nước Anh cô quạnh và ban sơ không kém gì chính tình yêu của họ. Từ nhỏ đến lớn, sự gắn bó của họ ngày càng trở nên ám ảnh. Gia đình, địa vị xã hội và ghen tuông tột độ cùng hủy diệt họ, vậy nên toàn bộ thời gian hai con người yêu nhau đó đã sống trong thù hận và tuyệt vọng, mà cái chết chỉ có ý nghĩa khởi đầu. Một khởi đầu mới để hai linh hồn mãnh liệt đó được tự do tái ngộ, khi những cơn gió hoang vắng và điên cuồng tràn về quanh các lâu đài trong Đồi gió hú.

Cuốn tiểu thuyết duy nhất của Emily Bronte, là cuốn sách đã tới tay công chúng với nhiều lời bình trái ngược vào năm 1847, một năm trước khi nữ tác giả qua đời ở tuổi ba mươi. Thông qua mối tình giữa Cathy và Heathcliff, với bối cảnh đồng quê Yorkshire hoang vu trống trải, Đồi gió hú đã tạo nên cả một thế giới riêng với xu hướng bỏ qua lề thói, vươn tới thi ca cũng như tới những chiều sâu tăm tối của lòng người, giúp tác phẩm trở thành một trong những tiểu thuyết vĩ đại nhất, bi thương nhất mà con người từng viết về nỗi đam mê nồng cháy.","Một bi kịch tình yêu đầy ám ảnh giữa Heathcliff và Catherine, nơi đam mê, hận thù và sự trả thù kéo dài qua nhiều thế hệ.",NXB Văn học,3.9,410
CL008,Kiêu Hãnh và Định Kiến,Jane Austen,Classic,13,351,148000,1813,"Khắp làng trên xóm dưới Herfordshire xôn xao: Netherfield sắp có người thuê, mà còn là một quý ông chưa vợ với khoản lợi tức lên đến năm nghìn bảng mỗi năm. Chao ôi, quả là tin đáng mừng đối với gia đình ông bà Bennett, vốn có tới năm cô con gái cần phải gả chồng. Giữa những quay cuồng vũ hội cùng âm mưu toan tính của cả một xã hội ganh đua nhau tìm tấm chồng tốt cho các cô gái, nổi lên câu chuyện tình của cô con gái thứ cứng đầu Elizabeth và chàng quý tộc Darcy - nơi lòng Kiêu hãnh phải nhún nhường và Định kiến cần giải tỏa để có thể đi đến kết cục hoàn toàn viên mãn.

Suốt hơn 200 năm qua, Kiêu hãnh và Định kiến luôn nằm trong số những tiểu thuyết tiếng Anh được yêu mến nhất. Chính Jane Austen cũng coi tác phẩm xuất sắc này là ""đứa con cưng"" của bà. Tài năng của Austen quả thực đã biến câu chuyện tình sôi nổi nơi miền quê nước Anh thành một bản châm biếm sắc sảo hóm hỉnh và một viên ngọc quý trong kho tàng Anh ngữ.","Câu chuyện lãng mạn nhưng sắc sảo về Elizabeth Bennet và Mr. Darcy, xoay quanh định kiến xã hội, sự trưởng thành và bài học về lòng tự trọng.",NXB Hội nhà văn,4.29,50
CL009,Ông Già và Biển Cả,Ernest Hemingway,Classic,13,143,60000,1952,"Ông già và Biển cả (tên tiếng Anh: The Old Man and the Sea) là tác phẩm được Ernest Hemingway viết ở Cuba năm 1951 và xuất bản năm 1952. Nó là truyện ngắn dạng viễn tưởng cuối cùng được viết bởi Hemingway (và được xuất bản khi ông còn sống). Đây cũng là tác phẩm nổi tiếng và là một trong những đỉnh cao trong sự nghiệp sáng tác của nhà văn. Tác phẩm này đoạt giải Pulitzer năm 1953. Nó cũng góp phần quan trọng để nhà văn được nhận giải Nobel văn học năm 1954.

Trong tác phẩm này ông đã triệt để dùng nguyên lý mà ông gọi là “tảng băng trôi”, chỉ mô tả một phần nổi còn lại bảy phần chìm, khi mô tả sự đông đúc của đàn cá, sự chênh lệch về lực lượng, về cuộc chiến đấu không cân sức giữa đàn cá hung dữ với ông già. Tác phẩm ca ngợi con người, sức lao động và khát vọng của con người.

Nhân vật trung tâm của các phẩm là một ""ông già"" người Cu ba, người đã cố gắng chiến đấu trong ba ngày đêm vật lộn với một con cá kiếm khổng lồ trên biển vùng Giếng Lớn khi ông câu được nó. Sang đến ngày thứ ba, ông dùng lao đâm chết được con cá, buộc nó vào mạn thuyền và lôi về nhưng đàn cá mập đánh hơi thấy đã lăn xả tới, ông lại đem hết sức tàn chống chọi với lũ cá mập, phóng lao, thậm chí cả mái chèo để đánh. Ông giết được nhiều con, đuổi được chúng đi, nhưng cuối cùng khi nhìn đến con cá kiếm của mình thì nó đã bị rỉa hết thịt chỉ còn trơ lại một bộ xương khổng lồ.","Hành trình kiên cường của lão ngư Santiago chống lại con cá kiếm khổng lồ, tượng trưng cho ý chí, lòng kiêu hãnh và phẩm giá của con người.",NXB Văn học,3.81,190
PH001,Thế Giới Của Sophie,Jostein Gaarder,Philosophy,16,648,269000,1991,"Thế giới của Sophie là cuốn tiểu thuyết về lịch sử triết học của nhà văn Na Uy tóm lược lịch sử triết học phương Tây từ thời cổ đại Hy Lap - La Mã cho đến thời kỳ hiện đại viết dưới dạng tiểu thuyết. Nội dung là cuộc đối thoại giữa nhân vật Sophie và một người đàn ông bí ẩn là Alberto Knox. Qua đó tác giả đã chuyển tải một cách cuốn hút các tư tưởng của các triết gia phương Tây đến với người đọc, phần nào giải đáp được những tò mò của người đọc về thế giới đầy bí ẩn.","Một cô bé bước vào thế giới triết học qua những lá thư bí ẩn, mở ra hành trình khám phá lịch sử tư tưởng và những câu hỏi lớn của con người.",NXB Tri thức,3.97,80
NF006,Đi Tìm Lẽ Sống,Viktor E. Frankl,Nonfiction,16,220,99000,1946,"Trước hết, đây là quyển sách viết về sự sinh tồn. Giống như nhiều người Do Thái sinh sống tại Đức và Đông Âu khi ấy, vốn nghĩ rằng mình sẽ được an toàn trong những năm 1930, Frankl đã trải qua khoảng thời gian chịu nhiều nghiệt ngã trong trại tập trung và trại hủy diệt của Đức quốc xã. Điều kỳ diệu là ông đã sống sót, cụm từ “thép đã tôi thế đấy” có thể lột tả chính xác trường hợp này. Nhưng trong Người đi tìm lẽ sống, tác giả ít đề cập đến những khó nhọc, đau thương, mất mát mà ông đã trải qua, thay vào đó ông viết về những nguồn sức mạnh đã giúp ông tồn tại. Ông chua xót kể về những tù nhân đã đầu hàng cuộc sống, mất hết hy vọng ở tương lai và chắc hẳn là những người đầu tiên sẽ chết. Ít người chết vì thiếu thức ăn và thuốc men, mà phần lớn họ chết vì thiếu hy vọng, thiếu một lẽ sống. Ngược lại, Frankl đã nuôi giữ hy vọng để giữ cho mình sống sót bằng cách nghĩ về người vợ của mình và trông chờ ngày gặp lại nàng. Ông còn mơ ước sau chiến tranh sẽ được thuyết giảng về các bài học tâm lý ông đã học được từ trại tập trung Auschwitz. Rõ ràng có nhiều tù nhân khao khát được sống đã chết, một số chết vì bệnh, một số chết vì bị hỏa thiêu. Trong tập sách này, Frankl tập trung lý giải nguyên nhân vì sao có những người đã sống sót trong trại tập trung của phát xít Đức hơn là đưa ra lời giải thích cho câu hỏi vì sao phần lớn trong số họ đã không bao giờ trở về nữa.
Nhiệm vụ lớn lao nhất của mỗi người là tìm ra ý nghĩa trong cuộc sống của mình. Frankl đã nhìn thấy ba nguồn ý nghĩa cơ bản của đời người: thành tựu trong công việc, sự quan tâm chăm sóc đối với những người thân yêu và lòng can đảm khi đối mặt với những thời khắc gay go của cuộc sống. Đau khổ tự bản thân nó không có ý nghĩa gì cả, chính cách phản ứng của chúng ta mới khoác lên cho chúng ý nghĩa. Frankl đã viết rằng một người “có thể giữ vững lòng quả cảm, phẩm giá và sự bao dung, hoặc người ấy có thể quên mất phẩm giá của con người và tự đặt mình ngang hàng loài cầm thú trong cuộc đấu tranh khắc nghiệt để sinh tồn”. Ông thừa nhận rằng chỉ có một số ít tù nhân của Đức quốc xã là có thể giữ được những phẩm chất ấy, nhưng “chỉ cần một ví dụ như thế cũng đủ chứng minh rằng sức mạnh bên trong của con người có thể đưa người ấy vượt lên số phận nghiệt ngã của mình”.",Frankl kể về trải nghiệm trong trại tập trung và khẳng định rằng ý nghĩa sống – chứ không phải hoàn cảnh – giúp con người vượt qua đau khổ tột cùng.,NXB Tổng Hợp,4.37,10
YA001,Khi Lỗi Thuộc Về Những Vì Sao,John Green,Young Adult,13,364,129000,2012,"Sách kể về cô bé Hazel đang ở độ tuổi đẹp nhất nhưng lại không may mắn mắc bệnh ung thư. Dù đã được chữa bệnh trước đó nhưng cuộc đời của cô chỉ được kéo dài thêm vài năm mà thôi, cô biết, tất cả mọi người đều biết rằng, sẽ gần thôi cô sẽ sẽ phải sang thế giới bên kia. Cô bị cha mẹ ép đi tham dự hội Hỗ trợ bệnh nhân ung thư, để nhận được sự đồng cảm, sự giúp đỡ tốt hơn từ các bệnh nhân khác, tại đây, cô đã gặp Augustus Waters, một anh chàng điển trai 17 tuổi. Từ đây, cuộc sống của cô đã được viết lại hoàn toàn.

Trong cuốn sách này, nhà văn Green tuy viết cho giới trẻ nhưng giọng văn của anh giản dị đến mức không bị gò bó bởi mọi quy tắc phân chia độc giả. Anh viết vì tuổi trẻ, chứ không phải viết cho tuổi trẻ, có thể vì thế mà tiểu thuyết của anh dễ đọc, dễ tiếp thu và được đọc ở mọi lứa tuổi. Green miêu tả tình yêu đích thực, hai nhân vật chính đều mắc kẹt trong một vũng lầy, đều có những mơ ước, hi vọng, đều mang trong mình một tình yêu. Liệu tình yêu đó có đủ mạnh để chiến thắng mọi bệnh tật?

'Khi lỗi thuộc về những vì sao' xoáy vào những đề tài khó trả lời: Liệu ta có được nhớ đến, liệu ta có được yêu thương, liệu ta sẽ để lại một dấu ấn trên cõi đời này? Bằng cách tận dụng triệt để diễn biến tâm lý của Hazel và Waters, vốn cũng đang loay hoay tìm câu trả lời.

'Khi lỗi thuộc về những vì sao' là tác phẩm thứ tư của John Green, được cho ra mắt ở Mỹ cách đây 2 năm và ngay lập tức trở thành sách bán chạy nhất trên các bảng xếp hạng sách danh tiếng như New York Times, Wall Street Journal, Indiebound…","Chuyện tình cảm động của Hazel và Gus, hai thiếu niên mắc bệnh hiểm nghèo, đối mặt với tình yêu, mất mát và ý nghĩa thật sự của cuộc sống.",NXB Trẻ,4.12,564
FI014,Suối Nguồn,Ayn Rand,Fiction,18,1176,499000,1943,"Suối nguồn (The Fountainhead) tiểu thuyết của Ayn Rand, tác giả có ảnh hưởng lớn nhất đến độc giả Mỹ trong thế kỷ 20. - Tác phẩm đã bán được 6 triệu bản trong hơn 60 năm qua kể từ khi xuất bản lần đầu (năm 1943). - Được dịch ra nhiều thứ tiếng và vẫn liên tục được tái bản hàng năm. - Một tiểu thuyết kinh điển cần đọc nay đã có mặt tại Việt Nam với bản dịch tiếng Việt. Xin trân trọng giới thiệu cùng quý độc giả.","Cuộc đời của kiến trúc sư Howard Roark – biểu tượng của chủ nghĩa cá nhân, sáng tạo và sự kiên định tuyệt đối với lý tưởng của mình.",NXB Trẻ,3.89,120
SF008,7 thói quen của bạn trẻ thành đạt,Sean Covey,Self-help,13,312,120000,1997,"“Cách tốt nhất để biến ước mơ thành hiện thực là có được sự lựa chọn những thói quen đúng đắn ngay từ thời niên thiếu. ""7 Thói quen của Bạn trẻ Thành đạt” sẽ giúp mọi người hiểu được rằng chính những thói quen, suy nghĩ và tầm nhìn chính là nền tảng chủ yếu tạo nên thành công cho cuộc sống cho dù quá khứ hay hiện tại như thế nào đi nữa."" - Stedman Graham - tác giả cuốn ""You can make it happen"".

7 Thói Quen của Bạn trẻ Thành đạt được biên dịch từ tác phẩm nổi tiếng The 7 Habits of Highly Effective Teens của tác giả Sean Covey theo hợp đồng chuyển giao bản quyền với Tập đoàn Xuất bản FranklinCovey (Hoa Kỳ). Cuốn sách nhấn mạnh những gì chúng ta có được trong cuộc sống đều bắt nguồn từ những thói quen của chính mình. Ai cũng có những thói quen tốt và những thói quen xấu, và mỗi chúng ta phải rèn luyện những thói quen tốt và biết điều chỉnh, loại bỏ những thói quen xấu.

Tuổi thiếu niên và trưởng thành là tuổi đẹp nhất và quan trọng nhất của đời người. Đây là cũng lứa tuổi mà các bạn trẻ bắt đầu khám phá cuộc sống với những ước mơ, khát vọng. Phía trước các bạn là những con đường bằng phẳng, êm ái; nhưng cũng có con đường quanh co, khúc khuỷu. Có con đường ngập tràn ánh sáng, cũng có con đường u ám, đầy cạm bẫy, nguy cơ. Nhưng làm cách nào để chọn được con đường đến đích thành công, hạnh phúc mà không lãng phí nhiều thời gian, công sức? Tất cả đều phụ thuộc vào tính cách và thói quen của các bạn. Có những thói quen đem đến sự thành công, hạnh phúc; nhưng cũng có những thói quen cản trở, phá hỏng sự phát triển của bạn.

Cuốn sách phân tích tác động lớn lao của 7 thói quen quan trọng nhất của những bạn trẻ cần có. Đó là: Có thái độ sống tích cực; Biết định hướng tương lai; Việc hôm nay không để ngày mai; Tư duy cùng thắng; Biết lắng nghe để thấu hiểu và để được thấu hiểu; Có tinh thần hợp tác; Biết rèn luyện và phát triển những kỹ năng.

Đây là những thói quen để các bạn tự rèn luyện bản thân và xây dựng các mối quan hệ của mình. Các thói quen này bổ sung và hỗ trợ chặt chẽ cho nhau, tạo một mắt xích bền vững giúp các bạn chọn lựa được hướng đi đúng đắn cho cuộc đời mình.","Cuốn sách hướng dẫn thanh thiếu niên xây dựng kỷ luật, tư duy tích cực và kỹ năng sống thiết yếu để đạt sự hiệu quả và phát triển bản thân.",NXB Trẻ,4.05,210
FN004,Từ Tốt Đến Vĩ Đại,Jim Collins,Finance,18,444,169000,2001,"Jim Collins cùng nhóm nghiên cứu đã miệt mài nghiên cứu những công ty có bước nhảy vọt và bền vững để rút ra những kết luận sát sườn, những yếu tố cần kíp để đưa công ty từ tốt đến vĩ đại. Đó là những yếu tố khả năng lãnh đạo, con người, văn hóa, kỷ luật, công nghệ… Những yếu tố này được nhóm nghiên cứu xem xét tỉ mỉ và kiểm chứng cụ thể qua 11 công ty nhảy vọt lên vĩ đại. Mỗi kết luận của nhóm nghiên cứu đều hữu ích, vượt thời gian, ý nghĩa vô cùng to lớn đối với mọi lãnh đạo và quản lý ở mọi loại hình công ty (từ công ty có nền tảng và xuất phát tốt đến những công ty mới khởi nghiệp), và mọi lĩnh vực ngành nghề.

Sách có chín chương, không kể một phần phụ lục về quá trình nghiên cứu:
Chương 1: Tốt là kẻ thù của vĩ đại
Chương 2: Khả năng lãnh đạo cấp độ 5
Chương 3: Con người đi trước - Công việc theo sau
Chương 4: Đối mặt với sự thật phũ phàng (nhưng đừng mất niềm tin)
Chương 5: Khái niệm con nhím (sự đơn giản trong ba vòng tròn)
Chương 6: Văn hóa kỉ luật
Chương 7: Bàn đạp công nghệ
Chương 8: Bánh đà và vòng lẩn quẩn
Chương 9: Từ tốt đến vĩ đại để xây dựng để trường tồn","Nghiên cứu chỉ ra các yếu tố giúp doanh nghiệp “nhảy vọt”, nhấn mạnh vào lãnh đạo cấp độ 5, kỷ luật và mô hình con nhím để đạt thành công bền vững.",NXB Trẻ,4.12,105
NF007,Thiên nga đen: Xác suất cực nhỏ - tác động cực lớn,Nassim Nicholas Taleb,Nonfiction,18,438,225000,2007,"Thiên Nga Đen là một biến cố tưởng chừng như không thể xảy ra với ba đặc điểm chính: không thể dự đoán, có tác động nặng nề và sau khi nó xảy ra, người ta dựng lên một lời giải thích để khiến nó ít ngẫu nhiên hơn, dễ dự đoán hơn bản chất thật của nó. Thành công bất ngờ của Google có thể xem là một ""thiên nga đen"", sự kiện ngày 11 tháng 9 cũng vậy. Với Nassim Nicholas Taleb, ""thiên nga đen"" ẩn chứa hầu như mọi điều về thế giới này, từ sự trỗi dậy của tôn giáo đến những biến cố trong cuộc sống của chính chúng ta

Vì sao chúng ta không nhận thấy những hiện tượng ""thiên nga đen"" mãi đến sau khi chúng xảy ra? Theo Taleb, một phần là vì con người chúng ta tự trói buộc mình vào những cái chi tiết trong khi lẽ ra nên tập trung vào cái tổng quát. Chúng ta tập trung vào những gì đã biết trong khi hết lần này đến lần khác bỏ qua những thứ mình chưa biết. Do đó, chúng ta không thể đánh giá được các cơ hội, không thể kháng lại xu hướng đơn giản hóa, tường thuật và phân loại, và không đủ phóng khoáng để tưởng thưởng cho những ai có thể hình dung ra được ""những cái không thể""

Tinh tế, bao quát và đầy kinh ngạc, Thiên Nga Đen sẽ thay đổi cách nhìn của bạn về thế giới. Taleb thực sự là tác giả của thể loại sách khai trí với những câu chuyện dí dỏm, ngông cuồng và khác thường. Ông là người có kiến thức uyên thâm trong nhiều lĩnh vực, từ khoa học nhận thức, kinh doanh cho đến lý thuyết xác suất. Thiên Nga Đen là cuốn sách mang tính bước ngoặc - bản thân nó chính là một ""thiên nga đen"".","Khám phá những biến cố hiếm gặp nhưng tạo ra tác động khổng lồ, và cách con người thường xuyên đánh giá sai rủi ro, hiểu lầm sự ngẫu nhiên trong cuộc sống.",NXB Tổng Hợp,3.96,5
SF009,Dám Nghĩ Lớn,David J. Schwartz,Self-help,16,360,129000,1959,"Dám Nghĩ Lớn! – tác phẩm nổi tiếng thế giới về những ý tưởng và phương pháp tư duy độc đáo và hiệu quả đã làm thay đổi một cách kỳ diệu cuộc đời của hàng triệu người qua nhiều thế hệ. Qua quyển sách này, Tiến sĩ David Schwartz trình bày một cách sinh động và dễ hiểu cách tư duy giúp bạn đạt được mục tiêu cao nhất trong công việc, cuộc sống và trong cộng đồng của bạn. Bạn không cần phải thông minh tuyệt đỉnh hay tài năng xuất chúng mới đạt được thành công lớn lao, bạn chỉ cần rèn luyện và áp dụng thường xuyên tư duy Dám Nghĩ Lớn. Và đây là những điều diệu kỳ mà cuốn sách sẽ mang đến cho bạn:

Đưa bạn đến thành công bằng sức mạnh của niềm tin của chính mình

Giúp bạn vượt lên khỏi sự ám ảnh thất bại và nỗi sợ hãi

Giúp bạn suy nghĩ và thực hiện ước mơ một cách sáng tạo nhất

Khám phá tại sao năng lực tư duy lại quan trọng hơn trí thông minh

Xác định rõ mục tiêu chiến lược từng giai đoạn cuộc đời

Cách suy nghĩ như một nhà lãnh đạo hàng đầu

Suy nghĩ đột phá, tin vào sự đột phá, thúc đẩy sự đột phá","Khuyến khích người đọc mở rộng tư duy, tin vào khả năng của bản thân và hành động theo những mục tiêu lớn để tạo ra thành công vượt trội.",NXB Trẻ,4.26,512
NF008,Ai Lấy Miếng Pho Mát Của Tôi?,Spencer Johnson,Nonfiction,16,128,50000,1999,"Cách nói này đã trở thành một lập ngôn, xuất phát từ cuốn sách nổi tiếng về triết lý sống ""Ai lấy miếng pho mát của tôi?"". Câu chuyện trong sách chứa đựng thông điệp: Việc thay đổi là một dấu hiệu tốt lành nếu biểu hiện được bản chất thật sự và vai trò của miếng “pho mát” trong cuộc sống của mỗi người. Miếng pho mát tượng trưng cho những khát vọng- đó có thể là một công việc tốt, một ước mơ, một sự nghiệp, sức khoẻ dồi dào, sự thăng tiến hay bất cứ thứ gì khác mà nó đại diện. Miếng pho mát này không tồn tại mãi theo thời gian, vì vậy bản thân mỗi người phải sẵn sàng bước vào cuộc truy tìm nguồn pho mát mới một khi miếng pho mát của mình đã hết..","Một câu chuyện ngụ ngôn đơn giản nhưng sâu sắc về việc thích nghi với thay đổi, chấp nhận chuyển dịch và chủ động tìm kiếm cơ hội mới.",NXB Tổng Hợp,3.87,621
FI015,Biên Niên Ký Chim Vặn Dây Cót,Haruki Murakami,Fiction,18,719,268000,1994,"Tiếng hót của con chim vặn dây cót chỉ vang lên vào những thời khắc quyết định, khi con người tỉnh thức những tiếng lòng thầm kín, hay khoảnh khắc thấu suốt cảm giác về Định mệnh; tiếng chim tiên báo những thảm hoạ khốc liệt khơi nguồn từ chính con người, cũng là tiếng thúc giục âm thầm của khát vọng đi tìm chân lý. Tiếng hót của chim vặn dây cót trở thành biểu tượng sự thức tỉnh những xúc cảm mãnh liệt và sự trưởng thành về bản ngã của con người trong đời sống hiện đại. Đó chính là ý nghĩa của hình tượng chim dây cót xuyên suốt cuốn tiểu thuyết lớn của Haruki Murakami.","Một hành trình kỳ ảo và u tối của Toru Okada trong cuộc tìm kiếm người vợ mất tích, đan xen những bí ẩn tâm lý, chiến tranh và thế giới siêu thực.",NXB Hội nhà văn,4.14,127
FI016,Kafka Bên Bờ Biển,Haruki Murakami,Fiction,18,540,248000,2002,"Kafka bên bờ biển có hai câu chuyện song song. Một kể về cậu bé Kafka Tamura, một kể về lão già Nakata.

Kafka Tamura luôn có một bản ngã là Quạ theo bên cạnh. Cậu bé mười lăm tuổi này sống với cha sau khi mẹ và chị gái bỏ đi. Cậu luôn bị một lời nguyền của cha ám ảnh: mày sẽ ngủ với mẹ và chị gái mày sau khi giết cha. Kinh sợ, Kafka bỏ nhà ra đi. Cậu chìm đắm trong một thư viện sách khổng lồ ở Takamatsu. Rồi những chuyện bí ẩn xảy ra, cậu gặp cô gái Sakura và bà Miss Saeki, những người mà cậu luôn băn khoăn không biết có phải là chị và mẹ mình. Bố Kafka bị giết, và cậu nghĩ, không biết có phải lời nguyền đã ứng?

Trong khi đó, ở bên kia bờ biển, ông già Nakata cũng có một cuộc hành trình đến Takamatsu. Bị một tai nạn từ nhỏ, Nakata mất trí nhớ và khả năng đọc, viết; tuy nhiên bù lại ông có thể giao tiếp với loài mèo. Vì thế ông nhận sứ mệnh đi tìm con quỷ giết mèo hàng loạt, tìm một phiến đá bí ẩn…

Kỳ lạ, bí ẩn, pha trộn với hiện đại, Kafka bên bờ biển khiến cho mọi con đường văn học, mọi cách tiếp cận văn học đều bàng hoàng, choáng ngợp.","Hai câu chuyện song song – cậu bé Kafka bỏ nhà đi và ông lão Nakata nói chuyện với mèo – hòa quyện theo cách siêu thực, khám phá định mệnh, kí ức và bản ngã.",NXB Văn học,4.12,75
FI017,Tên Của Đóa Hồng,Umberto Eco,Fiction,18,556,250000,1980,"Có lẽ, Umberto Eco muốn trao cho độc giả một cuốn sách để họ có thể thốt lên sau khi đọc xong: “Tôi đã đi cùng khắp, kiếm sự an bình, rốt cuộc chỉ tìm thấy nó khi ngồi ở một góc phòng với một quyển sách mà thôi.”

Và Tên của đóa hồng xứng đáng là một món quà như thế. Cuốn sách là một ký ức lớn, đưa thời-không lùi về khoảnh khắc mà lịch sử ngàn năm của thời Trung Cổ cô đọng lại chỉ còn 7 ngày, chân thực và huyền ảo, trong một tu viện dòng Benedict cổ xưa trên triền dãy Apennin nước Ý.

Lồng trong một cốt truyện trinh thám hấp dẫn về những tội ác khủng khiếp đầy ám ảnh diễn ra trong bóng tối nhà thờ, được dẫn dắt bằng tài kể chuyện siêu việt, trên nền cuốn tiểu thuyết lịch sử uyên bác, đồ sộ và đầy tính biểu tượng, chứa đựng những kiến thức văn hóa, triết học, nghệ thuật và tôn giáo sâu rộng, Tên của đóa hồng mở ra một mê cung vừa tráng lệ huy hoàng vừa uy nghiêm tăm tối của thời Trung Cổ xa xăm, nơi các tu sĩ học thức sống theo thời gian nghiêm ngặt của giáo luật nhà thờ, trong nhịp điệu của những chầu kinh trên nền âm nhạc Thánh ca, theo đuổi những đam mê cao quý, thánh thiện, đồng thời bị cuốn vào những mưu đồ quỷ dữ trong một thế giới đầy mâu thuẫn giữa đức tin chính thống và dị giáo, công lý và lạm quyền, sự thật và lầm lạc.

Ngay từ khi xuất bản lần đầu vào năm 1980, tiểu thuyết đầu tay của triết gia mỹ học hàn lâm, nhà bác học, nhà lý luận lừng danh thế giới Umberto Eco đã lập tức thành công vang dội, trở thành “cú sốc của tiểu thuyết đương đại”, một “siêu tiểu thuyết” được cả độc giả của văn chương bình dân lẫn bác học đón nhận nồng nhiệt khắp năm châu.","Một vụ án bí ẩn trong tu viện thời Trung Cổ, nơi triết học, tôn giáo và tội ác đan xen qua cuộc điều tra sắc bén của tu sĩ William xứ Baskerville.",NXB Văn học,4.14,1
FI018,Người Đua Diều,Khaled Hosseini,Fiction,18,460,158000,2003,"Câu chuyện là lời tự thuật của nhà văn người Mỹ gốc Afghanistan Amir về những năm tháng tuổi thơ đầy niềm vui cũng như lỗi lầm, về những ngày trôi dạt trên đất khách rồi cuộc hành trình trở lại quê hương đổ nát để cứu chuộc tội lỗi cho bản thân và cho cả người cha đã khuất. “Một tiểu thuyết đẹp đẽ… nằm trong số những tác phẩm được viết ra tinh tế và khơi gợi nhất cho tới giờ phút này… Một câu chuyện làm cảm động trái tim về một tình bạn khác thường… Đó cũng là một tác phẩm thuyết phục kỳ lạ, về mối quan hệ mong manh giữa cha và con, giữa con người và thần thánh, giữa cá nhân và đất nước. Huyết thống cùng sự thủy chung đã là sợi dây nối buộc câu chuyện của họ vào một trong số những cuốn sách trữ tình, cảm động và bất ngờ nhất của năm.”","Người Đua Diều kể về Amir, một cậu bé Afghanistan mang nỗi ám ảnh tội lỗi vì đã phản bội người bạn trung thành Hassan, và hành trình trưởng thành đầy đau đớn khi anh quay lại quê hương để chuộc lại lỗi lầm. Đây là câu chuyện xúc động về tình bạn, sự phản bội và khát vọng cứu rỗi.",NXB Phụ Nữ,4.35,120
